invoice_id,full_date,month_name,day_part,branch_code,city,customer_type,gender,product_line_name,payment_name,unit_price,quantity,total,gross_income,rating
676-10-2200,2019-02-03,February,Evening,B,Mandalay,Member,Male,Fashion accessories,Ewallet,53.78,1,56.4690,2.6890,4.7
522-57-8364,2019-01-31,January,Morning,A,Yangon,Member,Male,Fashion accessories,Ewallet,51.34,8,431.2560,20.5360,7.6
288-62-1085,2019-01-09,January,Afternoon,A,Yangon,Member,Male,Fashion accessories,Ewallet,38.54,5,202.3350,9.6350,5.6
474-33-8305,2019-03-23,March,Afternoon,C,Naypyitaw,Member,Male,Fashion accessories,Ewallet,67.39,7,495.3165,23.5865,6.9
756-49-0168,2019-02-08,February,Morning,A,Yangon,Member,Male,Fashion accessories,Ewallet,19.70,1,20.6850,0.9850,9.5
735-32-9839,2019-01-31,January,Morning,C,Naypyitaw,Member,Male,Fashion accessories,Ewallet,98.70,8,829.0800,39.4800,8.5
105-10-6182,2019-02-27,February,Afternoon,A,Yangon,Member,Male,Fashion accessories,Ewallet,21.48,2,45.1080,2.1480,6.6
588-47-8641,2019-01-14,January,Evening,A,Yangon,Member,Male,Fashion accessories,Ewallet,56.04,10,588.4200,28.0200,4.4
339-96-8318,2019-03-01,March,Evening,B,Mandalay,Member,Male,Fashion accessories,Ewallet,81.31,7,597.6285,28.4585,6.3
339-38-9982,2019-01-13,January,Afternoon,B,Mandalay,Member,Male,Fashion accessories,Ewallet,59.86,2,125.7060,5.9860,6.7
595-86-2894,2019-02-06,February,Evening,C,Naypyitaw,Member,Male,Fashion accessories,Ewallet,96.98,4,407.3160,19.3960,9.4
181-94-6432,2019-02-05,February,Evening,C,Naypyitaw,Member,Male,Fashion accessories,Ewallet,69.33,2,145.5930,6.9330,9.7
604-70-6476,2019-01-23,January,Afternoon,A,Yangon,Member,Male,Fashion accessories,Ewallet,17.94,5,94.1850,4.4850,6.8
659-65-8956,2019-01-16,January,Afternoon,B,Mandalay,Member,Male,Fashion accessories,Ewallet,51.36,1,53.9280,2.5680,5.2
291-32-1427,2019-03-05,March,Afternoon,B,Mandalay,Member,Male,Fashion accessories,Ewallet,21.94,5,115.1850,5.4850,5.3
690-01-6631,2019-02-22,February,Evening,B,Mandalay,Normal,Male,Fashion accessories,Ewallet,17.49,10,183.6450,8.7450,6.6
781-84-8059,2019-01-18,January,Afternoon,C,Naypyitaw,Normal,Male,Fashion accessories,Ewallet,60.74,7,446.4390,21.2590,5.0
584-66-4073,2019-03-13,March,Afternoon,C,Naypyitaw,Normal,Male,Fashion accessories,Ewallet,56.50,1,59.3250,2.8250,9.6
605-83-1050,2019-03-15,March,Afternoon,B,Mandalay,Normal,Male,Fashion accessories,Ewallet,27.18,2,57.0780,2.7180,4.3
210-74-9613,2019-03-16,March,Afternoon,C,Naypyitaw,Normal,Male,Fashion accessories,Ewallet,97.26,4,408.4920,19.4520,6.8
760-27-5490,2019-01-20,January,Evening,C,Naypyitaw,Normal,Male,Fashion accessories,Ewallet,15.62,8,131.2080,6.2480,9.1
665-63-9737,2019-02-27,February,Evening,B,Mandalay,Normal,Male,Fashion accessories,Ewallet,52.42,3,165.1230,7.8630,7.5
318-12-0304,2019-01-23,January,Afternoon,A,Yangon,Normal,Male,Fashion accessories,Ewallet,30.61,1,32.1405,1.5305,5.2
747-58-7183,2019-02-09,February,Evening,B,Mandalay,Normal,Male,Fashion accessories,Ewallet,57.27,3,180.4005,8.5905,6.5
437-53-3084,2019-02-26,February,Morning,B,Mandalay,Normal,Male,Fashion accessories,Ewallet,99.89,2,209.7690,9.9890,7.1
795-49-7276,2019-03-23,March,Evening,A,Yangon,Normal,Male,Fashion accessories,Ewallet,37.15,4,156.0300,7.4300,8.3
192-98-7397,2019-01-08,January,Afternoon,C,Naypyitaw,Normal,Male,Fashion accessories,Ewallet,12.78,1,13.4190,0.6390,9.5
898-04-2717,2019-03-19,March,Afternoon,A,Yangon,Normal,Male,Fashion accessories,Ewallet,76.40,9,721.9800,34.3800,7.5
478-06-7835,2019-01-11,January,Morning,A,Yangon,Normal,Male,Fashion accessories,Ewallet,89.69,1,94.1745,4.4845,4.9
549-03-9315,2019-02-12,February,Afternoon,B,Mandalay,Normal,Male,Fashion accessories,Ewallet,94.87,8,796.9080,37.9480,8.7
410-67-1709,2019-01-20,January,Evening,A,Yangon,Member,Female,Fashion accessories,Ewallet,63.88,8,536.5920,25.5520,9.9
288-38-3758,2019-01-25,January,Evening,C,Naypyitaw,Member,Female,Fashion accessories,Ewallet,84.87,3,267.3405,12.7305,7.4
210-30-7976,2019-03-14,March,Morning,B,Mandalay,Member,Female,Fashion accessories,Ewallet,22.32,4,93.7440,4.4640,4.1
857-16-3520,2019-03-28,March,Afternoon,A,Yangon,Member,Female,Fashion accessories,Ewallet,71.46,7,525.2310,25.0110,4.5
562-12-5430,2019-01-18,January,Morning,A,Yangon,Member,Female,Fashion accessories,Ewallet,88.15,3,277.6725,13.2225,7.9
641-96-3695,2019-02-07,February,Evening,C,Naypyitaw,Member,Female,Fashion accessories,Ewallet,43.46,6,273.7980,13.0380,8.5
559-98-9873,2019-02-10,February,Afternoon,A,Yangon,Member,Female,Fashion accessories,Ewallet,53.65,7,394.3275,18.7775,5.2
413-20-6708,2019-03-18,March,Afternoon,C,Naypyitaw,Member,Female,Fashion accessories,Ewallet,51.47,1,54.0435,2.5735,8.5
573-98-8548,2019-01-05,January,Afternoon,C,Naypyitaw,Member,Female,Fashion accessories,Ewallet,31.90,1,33.4950,1.5950,9.1
587-03-7455,2019-02-16,February,Evening,C,Naypyitaw,Member,Female,Fashion accessories,Ewallet,97.79,7,718.7565,34.2265,4.9
394-41-0748,2019-01-27,January,Afternoon,C,Naypyitaw,Member,Female,Fashion accessories,Ewallet,54.07,9,510.9615,24.3315,9.5
667-23-5919,2019-01-14,January,Afternoon,A,Yangon,Member,Female,Fashion accessories,Ewallet,96.70,5,507.6750,24.1750,7.0
685-64-1609,2019-02-10,February,Afternoon,A,Yangon,Member,Female,Fashion accessories,Ewallet,30.14,10,316.4700,15.0700,9.2
268-27-6179,2019-03-09,March,Afternoon,B,Mandalay,Member,Female,Fashion accessories,Ewallet,56.47,8,474.3480,22.5880,7.3
109-28-2512,2019-01-07,January,Afternoon,B,Mandalay,Member,Female,Fashion accessories,Ewallet,97.61,6,614.9430,29.2830,9.9
616-24-2851,2019-03-22,March,Afternoon,B,Mandalay,Member,Female,Fashion accessories,Ewallet,17.87,4,75.0540,3.5740,6.5
574-22-5561,2019-03-19,March,Evening,C,Naypyitaw,Member,Female,Fashion accessories,Ewallet,82.63,10,867.6150,41.3150,7.9
351-62-0822,2019-02-06,February,Evening,B,Mandalay,Member,Female,Fashion accessories,Ewallet,14.48,4,60.8160,2.8960,4.5
374-38-5555,2019-02-07,February,Evening,B,Mandalay,Normal,Female,Fashion accessories,Ewallet,63.71,5,334.4775,15.9275,8.5
137-74-8729,2019-03-13,March,Afternoon,C,Naypyitaw,Normal,Female,Fashion accessories,Ewallet,12.19,8,102.3960,4.8760,6.8
409-33-9708,2019-02-19,February,Morning,A,Yangon,Normal,Female,Fashion accessories,Ewallet,98.48,2,206.8080,9.8480,9.2
189-55-2313,2019-01-31,January,Morning,C,Naypyitaw,Normal,Female,Fashion accessories,Ewallet,62.18,10,652.8900,31.0900,6.0
626-43-7888,2019-02-07,February,Afternoon,C,Naypyitaw,Normal,Female,Fashion accessories,Ewallet,60.41,8,507.4440,24.1640,9.6
370-96-0655,2019-01-09,January,Afternoon,C,Naypyitaw,Normal,Female,Fashion accessories,Ewallet,49.32,6,310.7160,14.7960,7.1
518-17-2983,2019-02-04,February,Afternoon,A,Yangon,Normal,Female,Fashion accessories,Ewallet,48.63,4,204.2460,9.7260,7.6
647-50-1224,2019-01-12,January,Afternoon,A,Yangon,Normal,Female,Fashion accessories,Ewallet,29.42,10,308.9100,14.7100,8.9
595-27-4851,2019-01-27,January,Evening,A,Yangon,Normal,Female,Fashion accessories,Ewallet,54.28,7,398.9580,18.9980,9.3
686-41-0932,2019-03-13,March,Evening,B,Mandalay,Normal,Female,Fashion accessories,Ewallet,34.70,2,72.8700,3.4700,8.2
372-26-1506,2019-01-28,January,Evening,C,Naypyitaw,Normal,Female,Fashion accessories,Ewallet,23.82,5,125.0550,5.9550,5.4
831-64-0259,2019-02-22,February,Morning,B,Mandalay,Normal,Female,Fashion accessories,Ewallet,39.75,5,208.6875,9.9375,9.6
135-84-8019,2019-02-27,February,Afternoon,A,Yangon,Normal,Female,Fashion accessories,Ewallet,77.93,9,736.4385,35.0685,7.6
376-56-3573,2019-02-02,February,Afternoon,C,Naypyitaw,Normal,Female,Fashion accessories,Ewallet,95.42,4,400.7640,19.0840,6.4
821-07-3596,2019-03-07,March,Afternoon,C,Naypyitaw,Normal,Female,Fashion accessories,Ewallet,16.45,4,69.0900,3.2900,5.6
573-58-9734,2019-03-28,March,Afternoon,B,Mandalay,Normal,Female,Fashion accessories,Ewallet,30.37,3,95.6655,4.5555,5.1
437-58-8131,2019-01-15,January,Afternoon,B,Mandalay,Normal,Female,Fashion accessories,Ewallet,73.52,2,154.3920,7.3520,4.6
518-71-6847,2019-02-26,February,Afternoon,B,Mandalay,Member,Male,Food and beverages,Ewallet,26.60,6,167.5800,7.9800,4.9
146-09-5432,2019-02-09,February,Evening,A,Yangon,Member,Male,Food and beverages,Ewallet,35.04,9,331.1280,15.7680,4.6
325-89-4209,2019-02-05,February,Evening,A,Yangon,Member,Male,Food and beverages,Ewallet,87.90,1,92.2950,4.3950,6.7
250-17-5703,2019-02-27,February,Evening,A,Yangon,Member,Male,Food and beverages,Ewallet,18.85,10,197.9250,9.4250,5.6
238-45-6950,2019-03-01,March,Evening,B,Mandalay,Member,Male,Food and beverages,Ewallet,53.72,1,56.4060,2.6860,6.4
434-35-9162,2019-02-04,February,Evening,B,Mandalay,Member,Male,Food and beverages,Ewallet,23.34,4,98.0280,4.6680,7.4
266-20-6657,2019-03-12,March,Evening,C,Naypyitaw,Member,Male,Food and beverages,Ewallet,55.04,7,404.5440,19.2640,5.2
130-67-4723,2019-01-11,January,Afternoon,A,Yangon,Member,Male,Food and beverages,Ewallet,48.50,6,305.5500,14.5500,9.4
779-42-2410,2019-02-20,February,Afternoon,B,Mandalay,Member,Male,Food and beverages,Ewallet,57.74,3,181.8810,8.6610,7.7
443-59-0061,2019-02-03,February,Morning,A,Yangon,Member,Male,Food and beverages,Ewallet,67.45,10,708.2250,33.7250,4.2
349-97-8902,2019-01-17,January,Morning,B,Mandalay,Member,Male,Food and beverages,Ewallet,57.89,2,121.5690,5.7890,8.9
239-48-4278,2019-03-10,March,Evening,A,Yangon,Member,Male,Food and beverages,Ewallet,10.13,7,74.4555,3.5455,8.3
712-39-0363,2019-01-02,January,Afternoon,A,Yangon,Member,Male,Food and beverages,Ewallet,41.66,6,262.4580,12.4980,5.6
549-96-4200,2019-03-08,March,Evening,C,Naypyitaw,Member,Male,Food and beverages,Ewallet,17.04,4,71.5680,3.4080,7.0
845-51-0542,2019-02-02,February,Afternoon,B,Mandalay,Member,Male,Food and beverages,Ewallet,46.55,9,439.8975,20.9475,6.4
895-66-0685,2019-03-05,March,Evening,B,Mandalay,Member,Male,Food and beverages,Ewallet,18.08,3,56.9520,2.7120,8.0
720-72-2436,2019-03-02,March,Evening,A,Yangon,Normal,Male,Food and beverages,Ewallet,66.52,4,279.3840,13.3040,6.9
832-51-6761,2019-01-19,January,Evening,A,Yangon,Normal,Male,Food and beverages,Ewallet,33.88,8,284.5920,13.5520,9.6
451-73-2711,2019-01-14,January,Afternoon,C,Naypyitaw,Normal,Male,Food and beverages,Ewallet,84.83,1,89.0715,4.2415,8.8
373-09-4567,2019-03-14,March,Evening,C,Naypyitaw,Normal,Male,Food and beverages,Ewallet,77.56,10,814.3800,38.7800,6.9
592-34-6155,2019-01-14,January,Afternoon,C,Naypyitaw,Normal,Male,Food and beverages,Ewallet,31.77,4,133.4340,6.3540,6.2
746-19-0921,2019-02-09,February,Morning,C,Naypyitaw,Normal,Male,Food and beverages,Ewallet,21.58,1,22.6590,1.0790,7.2
574-57-9721,2019-03-08,March,Afternoon,C,Naypyitaw,Normal,Male,Food and beverages,Ewallet,43.27,2,90.8670,4.3270,5.7
471-41-2823,2019-03-07,March,Evening,C,Naypyitaw,Normal,Male,Food and beverages,Ewallet,99.79,2,209.5590,9.9790,8.0
468-01-2051,2019-03-06,March,Afternoon,B,Mandalay,Normal,Male,Food and beverages,Ewallet,62.08,7,456.2880,21.7280,5.4
407-63-8975,2019-03-23,March,Evening,A,Yangon,Normal,Male,Food and beverages,Ewallet,73.88,6,465.4440,22.1640,4.4
414-12-7047,2019-01-18,January,Afternoon,B,Mandalay,Normal,Male,Food and beverages,Ewallet,19.79,8,166.2360,7.9160,8.7
865-92-6136,2019-03-23,March,Morning,A,Yangon,Normal,Male,Food and beverages,Ewallet,52.75,3,166.1625,7.9125,9.3
480-63-2856,2019-01-23,January,Evening,C,Naypyitaw,Normal,Male,Food and beverages,Ewallet,19.25,8,161.7000,7.7000,6.6
252-56-2699,2019-02-07,February,Afternoon,A,Yangon,Normal,Male,Food and beverages,Ewallet,43.19,10,453.4950,21.5950,8.2
574-80-1489,2019-02-25,February,Afternoon,B,Mandalay,Member,Female,Food and beverages,Ewallet,62.85,4,263.9700,12.5700,8.7
186-71-5196,2019-03-27,March,Afternoon,A,Yangon,Member,Female,Food and beverages,Ewallet,79.54,2,167.0340,7.9540,6.2
490-95-0021,2019-01-08,January,Afternoon,B,Mandalay,Member,Female,Food and beverages,Ewallet,33.21,10,348.7050,16.6050,6.0
695-09-5146,2019-02-23,February,Evening,B,Mandalay,Member,Female,Food and beverages,Ewallet,98.79,3,311.1885,14.8185,6.4
283-26-5248,2019-01-30,January,Evening,C,Naypyitaw,Member,Female,Food and beverages,Ewallet,98.52,10,1034.4600,49.2600,4.5
358-88-9262,2019-02-01,February,Evening,C,Naypyitaw,Member,Female,Food and beverages,Ewallet,87.48,6,551.1240,26.2440,5.1
266-76-6436,2019-03-28,March,Afternoon,C,Naypyitaw,Member,Female,Food and beverages,Ewallet,38.60,3,121.5900,5.7900,7.5
153-58-4872,2019-03-01,March,Afternoon,C,Naypyitaw,Member,Female,Food and beverages,Ewallet,74.89,4,314.5380,14.9780,4.2
663-86-9076,2019-01-08,January,Afternoon,C,Naypyitaw,Member,Female,Food and beverages,Ewallet,68.54,8,575.7360,27.4160,8.5
829-49-1914,2019-03-05,March,Afternoon,C,Naypyitaw,Member,Female,Food and beverages,Ewallet,78.31,10,822.2550,39.1550,6.6
510-95-6347,2019-03-05,March,Evening,B,Mandalay,Member,Female,Food and beverages,Ewallet,48.52,3,152.8380,7.2780,4.0
727-46-3608,2019-02-06,February,Afternoon,B,Mandalay,Member,Female,Food and beverages,Ewallet,20.01,9,189.0945,9.0045,4.1
183-56-6882,2019-02-06,February,Morning,C,Naypyitaw,Member,Female,Food and beverages,Ewallet,99.42,4,417.5640,19.8840,7.5
365-16-4334,2019-02-24,February,Afternoon,B,Mandalay,Normal,Female,Food and beverages,Ewallet,26.43,8,222.0120,10.5720,8.9
500-02-2261,2019-03-21,March,Evening,C,Naypyitaw,Normal,Female,Food and beverages,Ewallet,57.29,6,360.9270,17.1870,5.9
243-55-8457,2019-02-27,February,Morning,A,Yangon,Normal,Female,Food and beverages,Ewallet,74.44,10,781.6200,37.2200,5.1
499-27-7781,2019-03-14,March,Afternoon,B,Mandalay,Normal,Female,Food and beverages,Ewallet,53.21,8,446.9640,21.2840,5.0
156-95-3964,2019-03-25,March,Afternoon,A,Yangon,Normal,Female,Food and beverages,Ewallet,55.39,4,232.6380,11.0780,8.0
236-27-1144,2019-03-26,March,Morning,C,Naypyitaw,Normal,Female,Food and beverages,Ewallet,16.31,9,154.1295,7.3395,8.4
727-17-0390,2019-03-16,March,Afternoon,A,Yangon,Normal,Female,Food and beverages,Ewallet,63.61,5,333.9525,15.9025,4.8
316-01-3952,2019-03-13,March,Afternoon,A,Yangon,Normal,Female,Food and beverages,Ewallet,54.27,5,284.9175,13.5675,4.6
662-72-2873,2019-01-06,January,Afternoon,A,Yangon,Normal,Female,Food and beverages,Ewallet,40.94,5,214.9350,10.2350,9.9
416-13-5917,2019-01-30,January,Afternoon,C,Naypyitaw,Normal,Female,Food and beverages,Ewallet,97.03,5,509.4075,24.2575,9.3
214-17-6927,2019-02-07,February,Evening,C,Naypyitaw,Normal,Female,Food and beverages,Ewallet,16.48,6,103.8240,4.9440,9.9
642-32-2990,2019-02-02,February,Evening,A,Yangon,Normal,Female,Food and beverages,Ewallet,10.96,10,115.0800,5.4800,6.0
847-38-7188,2019-01-26,January,Evening,B,Mandalay,Normal,Female,Food and beverages,Ewallet,96.68,3,304.5420,14.5020,6.4
880-46-5796,2019-03-17,March,Evening,A,Yangon,Member,Male,Sports and travel,Ewallet,76.92,10,807.6600,38.4600,5.6
840-76-5966,2019-01-08,January,Evening,A,Yangon,Member,Male,Sports and travel,Ewallet,12.76,2,26.7960,1.2760,7.8
149-15-7606,2019-03-06,March,Afternoon,B,Mandalay,Member,Male,Sports and travel,Ewallet,37.32,9,352.6740,16.7940,5.1
257-73-1380,2019-01-20,January,Afternoon,C,Naypyitaw,Member,Male,Sports and travel,Ewallet,82.93,4,348.3060,16.5860,9.6
835-16-0096,2019-03-24,March,Afternoon,C,Naypyitaw,Member,Male,Sports and travel,Ewallet,14.70,5,77.1750,3.6750,8.5
851-28-6367,2019-03-23,March,Morning,A,Yangon,Member,Male,Sports and travel,Ewallet,15.50,10,162.7500,7.7500,8.0
129-29-8530,2019-03-10,March,Evening,A,Yangon,Member,Male,Sports and travel,Ewallet,62.62,5,328.7550,15.6550,7.0
549-59-1358,2019-03-02,March,Evening,A,Yangon,Member,Male,Sports and travel,Ewallet,88.63,3,279.1845,13.2945,6.0
825-94-5922,2019-03-02,March,Evening,B,Mandalay,Normal,Male,Sports and travel,Ewallet,25.31,2,53.1510,2.5310,7.2
852-82-2749,2019-01-06,January,Afternoon,A,Yangon,Normal,Male,Sports and travel,Ewallet,64.59,4,271.2780,12.9180,9.3
751-15-6198,2019-01-12,January,Afternoon,B,Mandalay,Normal,Male,Sports and travel,Ewallet,23.01,6,144.9630,6.9030,7.9
497-37-6538,2019-01-17,January,Afternoon,A,Yangon,Normal,Male,Sports and travel,Ewallet,58.91,7,432.9885,20.6185,9.7
445-30-9252,2019-01-17,January,Evening,A,Yangon,Normal,Male,Sports and travel,Ewallet,25.70,3,80.9550,3.8550,6.1
816-57-2053,2019-03-09,March,Afternoon,A,Yangon,Normal,Male,Sports and travel,Ewallet,60.87,2,127.8270,6.0870,8.7
375-72-3056,2019-01-19,January,Afternoon,B,Mandalay,Normal,Male,Sports and travel,Ewallet,63.06,3,198.6390,9.4590,7.0
674-15-9296,2019-01-08,January,Afternoon,A,Yangon,Normal,Male,Sports and travel,Ewallet,37.14,5,194.9850,9.2850,5.0
701-69-8742,2019-03-16,March,Morning,B,Mandalay,Normal,Male,Sports and travel,Ewallet,34.37,10,360.8850,17.1850,6.7
751-69-0068,2019-03-19,March,Evening,C,Naypyitaw,Normal,Male,Sports and travel,Ewallet,99.24,9,937.8180,44.6580,9.0
696-90-2548,2019-03-10,March,Evening,A,Yangon,Normal,Male,Sports and travel,Ewallet,25.84,3,81.3960,3.8760,6.6
569-71-4390,2019-01-25,January,Afternoon,B,Mandalay,Normal,Male,Sports and travel,Ewallet,21.87,2,45.9270,2.1870,6.9
743-88-1662,2019-02-22,February,Evening,C,Naypyitaw,Normal,Male,Sports and travel,Ewallet,95.49,7,701.8515,33.4215,8.7
276-54-0879,2019-03-12,March,Evening,B,Mandalay,Normal,Male,Sports and travel,Ewallet,97.74,4,410.5080,19.5480,6.4
154-74-7179,2019-02-26,February,Evening,B,Mandalay,Normal,Male,Sports and travel,Ewallet,54.45,1,57.1725,2.7225,7.9
423-80-0988,2019-01-30,January,Evening,C,Naypyitaw,Normal,Male,Sports and travel,Ewallet,76.40,2,160.4400,7.6400,6.5
423-57-2993,2019-03-27,March,Evening,B,Mandalay,Normal,Male,Sports and travel,Ewallet,93.39,6,588.3570,28.0170,10.0
575-30-8091,2019-03-16,March,Evening,A,Yangon,Normal,Male,Sports and travel,Ewallet,72.50,8,609.0000,29.0000,9.2
373-73-7910,2019-02-08,February,Morning,A,Yangon,Normal,Male,Sports and travel,Ewallet,86.31,7,634.3785,30.2085,5.3
139-32-4183,2019-03-14,March,Afternoon,A,Yangon,Member,Female,Sports and travel,Ewallet,97.48,9,921.1860,43.8660,7.4
457-12-0244,2019-03-14,March,Afternoon,C,Naypyitaw,Member,Female,Sports and travel,Ewallet,35.22,6,221.8860,10.5660,6.5
271-77-8740,2019-01-01,January,Morning,C,Naypyitaw,Member,Female,Sports and travel,Ewallet,29.22,6,184.0860,8.7660,5.0
201-63-8275,2019-02-17,February,Afternoon,C,Naypyitaw,Member,Female,Sports and travel,Ewallet,67.99,7,499.7265,23.7965,5.7
707-32-7409,2019-02-26,February,Morning,B,Mandalay,Member,Female,Sports and travel,Ewallet,95.54,4,401.2680,19.1080,4.5
373-14-0504,2019-02-12,February,Afternoon,A,Yangon,Member,Female,Sports and travel,Ewallet,71.63,2,150.4230,7.1630,8.8
182-52-7000,2019-01-01,January,Evening,A,Yangon,Member,Female,Sports and travel,Ewallet,27.04,4,113.5680,5.4080,6.9
510-79-0415,2019-01-24,January,Evening,B,Mandalay,Member,Female,Sports and travel,Ewallet,23.08,6,145.4040,6.9240,4.9
509-29-3912,2019-03-20,March,Afternoon,A,Yangon,Member,Female,Sports and travel,Ewallet,38.72,9,365.9040,17.4240,4.2
880-35-0356,2019-02-05,February,Morning,A,Yangon,Member,Female,Sports and travel,Ewallet,75.20,3,236.8800,11.2800,4.8
719-89-8991,2019-02-25,February,Afternoon,A,Yangon,Member,Female,Sports and travel,Ewallet,91.41,5,479.9025,22.8525,7.1
438-01-4015,2019-03-21,March,Afternoon,B,Mandalay,Member,Female,Sports and travel,Ewallet,49.49,4,207.8580,9.8980,6.6
479-26-8945,2019-02-05,February,Morning,B,Mandalay,Member,Female,Sports and travel,Ewallet,16.49,2,34.6290,1.6490,4.6
873-51-0671,2019-01-10,January,Afternoon,A,Yangon,Member,Female,Sports and travel,Ewallet,21.98,7,161.5530,7.6930,5.1
347-34-2234,2019-02-03,February,Afternoon,B,Mandalay,Member,Female,Sports and travel,Ewallet,55.07,9,520.4115,24.7815,10.0
232-16-2483,2019-01-07,January,Afternoon,C,Naypyitaw,Member,Female,Sports and travel,Ewallet,68.12,1,71.5260,3.4060,6.8
602-16-6955,2019-01-24,January,Evening,B,Mandalay,Normal,Female,Sports and travel,Ewallet,76.60,10,804.3000,38.3000,6.0
534-53-3526,2019-02-11,February,Afternoon,A,Yangon,Normal,Female,Sports and travel,Ewallet,94.76,4,397.9920,18.9520,7.8
642-30-6693,2019-03-17,March,Afternoon,B,Mandalay,Normal,Female,Sports and travel,Ewallet,54.51,6,343.4130,16.3530,7.8
123-35-4896,2019-02-17,February,Evening,C,Naypyitaw,Normal,Female,Sports and travel,Ewallet,46.66,9,440.9370,20.9970,5.3
695-28-6250,2019-02-04,February,Afternoon,A,Yangon,Normal,Female,Sports and travel,Ewallet,43.06,5,226.0650,10.7650,7.7
408-26-9866,2019-03-02,March,Afternoon,C,Naypyitaw,Normal,Female,Sports and travel,Ewallet,73.98,7,543.7530,25.8930,4.1
783-09-1637,2019-03-06,March,Evening,B,Mandalay,Normal,Female,Sports and travel,Ewallet,67.43,5,354.0075,16.8575,6.3
645-78-8093,2019-01-20,January,Evening,A,Yangon,Normal,Female,Sports and travel,Ewallet,93.14,2,195.5940,9.3140,4.1
549-84-7482,2019-02-08,February,Morning,B,Mandalay,Normal,Female,Sports and travel,Ewallet,90.28,9,853.1460,40.6260,7.2
225-32-0908,2019-01-26,January,Evening,C,Naypyitaw,Normal,Female,Sports and travel,Ewallet,44.86,10,471.0300,22.4300,8.2
730-50-9884,2019-03-05,March,Afternoon,C,Naypyitaw,Normal,Female,Sports and travel,Ewallet,83.06,7,610.4910,29.0710,4.0
448-34-8700,2019-02-10,February,Afternoon,B,Mandalay,Member,Male,Home and lifestyle,Ewallet,36.91,7,271.2885,12.9185,6.7
373-88-1424,2019-02-06,February,Evening,C,Naypyitaw,Member,Male,Home and lifestyle,Ewallet,35.81,5,188.0025,8.9525,7.9
235-06-8510,2019-01-24,January,Evening,C,Naypyitaw,Member,Male,Home and lifestyle,Ewallet,85.72,3,270.0180,12.8580,5.1
401-09-4232,2019-02-11,February,Evening,C,Naypyitaw,Member,Male,Home and lifestyle,Ewallet,86.69,5,455.1225,21.6725,9.4
546-80-2899,2019-02-20,February,Afternoon,A,Yangon,Member,Male,Home and lifestyle,Ewallet,37.69,2,79.1490,3.7690,9.5
706-36-6154,2019-01-18,January,Evening,A,Yangon,Member,Male,Home and lifestyle,Ewallet,19.36,9,182.9520,8.7120,8.7
856-66-2701,2019-01-25,January,Afternoon,A,Yangon,Member,Male,Home and lifestyle,Ewallet,53.30,3,167.8950,7.9950,7.5
701-23-5550,2019-03-19,March,Afternoon,B,Mandalay,Member,Male,Home and lifestyle,Ewallet,38.81,4,163.0020,7.7620,4.9
236-86-3015,2019-02-04,February,Afternoon,C,Naypyitaw,Member,Male,Home and lifestyle,Ewallet,13.98,1,14.6790,0.6990,9.8
744-02-5987,2019-01-10,January,Afternoon,A,Yangon,Member,Male,Home and lifestyle,Ewallet,78.38,6,493.7940,23.5140,5.8
729-09-9681,2019-02-05,February,Morning,A,Yangon,Member,Male,Home and lifestyle,Ewallet,25.91,6,163.2330,7.7730,8.7
827-26-2100,2019-03-21,March,Afternoon,A,Yangon,Member,Male,Home and lifestyle,Ewallet,33.84,9,319.7880,15.2280,8.8
645-44-1170,2019-01-19,January,Evening,A,Yangon,Member,Male,Home and lifestyle,Ewallet,58.07,9,548.7615,26.1315,4.3
641-62-7288,2019-03-24,March,Afternoon,B,Mandalay,Normal,Male,Home and lifestyle,Ewallet,99.92,6,629.4960,29.9760,7.1
777-67-2495,2019-02-22,February,Morning,B,Mandalay,Normal,Male,Home and lifestyle,Ewallet,68.97,3,217.2555,10.3455,8.7
509-10-0516,2019-02-09,February,Afternoon,B,Mandalay,Normal,Male,Home and lifestyle,Ewallet,45.97,4,193.0740,9.1940,5.1
154-87-7367,2019-03-15,March,Afternoon,C,Naypyitaw,Normal,Male,Home and lifestyle,Ewallet,65.26,8,548.1840,26.1040,6.3
775-72-1988,2019-01-24,January,Afternoon,B,Mandalay,Normal,Male,Home and lifestyle,Ewallet,73.28,5,384.7200,18.3200,8.4
751-41-9720,2019-01-12,January,Afternoon,C,Naypyitaw,Normal,Male,Home and lifestyle,Ewallet,97.50,10,1023.7500,48.7500,8.0
826-58-8051,2019-01-06,January,Evening,B,Mandalay,Normal,Male,Home and lifestyle,Ewallet,62.19,4,261.1980,12.4380,4.3
420-04-7590,2019-03-18,March,Morning,B,Mandalay,Normal,Male,Home and lifestyle,Ewallet,99.70,3,314.0550,14.9550,4.7
460-35-4390,2019-01-22,January,Morning,A,Yangon,Normal,Male,Home and lifestyle,Ewallet,30.68,3,96.6420,4.6020,9.1
643-38-7867,2019-03-07,March,Morning,A,Yangon,Normal,Male,Home and lifestyle,Ewallet,97.94,1,102.8370,4.8970,6.9
583-41-4548,2019-02-07,February,Morning,C,Naypyitaw,Normal,Male,Home and lifestyle,Ewallet,16.67,7,122.5245,5.8345,7.4
220-28-1851,2019-03-01,March,Evening,A,Yangon,Normal,Male,Home and lifestyle,Ewallet,34.73,2,72.9330,3.4730,9.7
620-02-2046,2019-01-27,January,Evening,C,Naypyitaw,Normal,Male,Home and lifestyle,Ewallet,69.40,2,145.7400,6.9400,9.0
472-15-9636,2019-03-22,March,Evening,A,Yangon,Normal,Male,Home and lifestyle,Ewallet,50.93,8,427.8120,20.3720,9.2
142-63-6033,2019-03-20,March,Evening,B,Mandalay,Normal,Male,Home and lifestyle,Ewallet,92.36,5,484.8900,23.0900,4.9
641-43-2399,2019-01-26,January,Evening,B,Mandalay,Normal,Male,Home and lifestyle,Ewallet,25.55,4,107.3100,5.1100,5.7
400-60-7251,2019-02-10,February,Afternoon,A,Yangon,Normal,Male,Home and lifestyle,Ewallet,74.07,1,77.7735,3.7035,9.9
307-85-2293,2019-03-07,March,Afternoon,B,Mandalay,Normal,Male,Home and lifestyle,Ewallet,50.28,5,263.9700,12.5700,9.7
378-24-2715,2019-01-20,January,Evening,B,Mandalay,Normal,Male,Home and lifestyle,Ewallet,53.44,2,112.2240,5.3440,4.1
287-21-9091,2019-01-22,January,Morning,A,Yangon,Normal,Male,Home and lifestyle,Ewallet,74.67,9,705.6315,33.6015,9.4
803-83-5989,2019-02-24,February,Morning,C,Naypyitaw,Normal,Male,Home and lifestyle,Ewallet,55.73,6,351.0990,16.7190,7.0
242-55-6721,2019-03-07,March,Morning,B,Mandalay,Normal,Male,Home and lifestyle,Ewallet,16.16,2,33.9360,1.6160,6.5
305-89-2768,2019-01-09,January,Evening,B,Mandalay,Member,Female,Home and lifestyle,Ewallet,21.90,3,68.9850,3.2850,4.7
291-55-6563,2019-03-30,March,Afternoon,A,Yangon,Member,Female,Home and lifestyle,Ewallet,34.42,6,216.8460,10.3260,7.5
848-95-6252,2019-02-20,February,Afternoon,C,Naypyitaw,Member,Female,Home and lifestyle,Ewallet,86.27,1,90.5835,4.3135,7.0
427-45-9297,2019-03-12,March,Morning,B,Mandalay,Member,Female,Home and lifestyle,Ewallet,40.73,7,299.3655,14.2555,5.4
728-88-7867,2019-03-19,March,Afternoon,C,Naypyitaw,Member,Female,Home and lifestyle,Ewallet,75.53,4,317.2260,15.1060,8.3
334-64-2006,2019-03-24,March,Afternoon,A,Yangon,Member,Female,Home and lifestyle,Ewallet,70.32,2,147.6720,7.0320,9.6
788-07-8452,2019-01-27,January,Evening,C,Naypyitaw,Member,Female,Home and lifestyle,Ewallet,24.24,7,178.1640,8.4840,9.4
218-59-9410,2019-03-29,March,Afternoon,A,Yangon,Member,Female,Home and lifestyle,Ewallet,72.42,3,228.1230,10.8630,8.2
627-95-3243,2019-02-04,February,Afternoon,B,Mandalay,Member,Female,Home and lifestyle,Ewallet,77.68,9,734.0760,34.9560,9.8
767-05-1286,2019-01-23,January,Afternoon,C,Naypyitaw,Member,Female,Home and lifestyle,Ewallet,83.77,6,527.7510,25.1310,5.4
325-77-6186,2019-03-08,March,Morning,A,Yangon,Member,Female,Home and lifestyle,Ewallet,90.65,10,951.8250,45.3250,7.3
731-14-2199,2019-01-04,January,Afternoon,A,Yangon,Member,Female,Home and lifestyle,Ewallet,35.54,10,373.1700,17.7700,7.0
263-87-5680,2019-03-18,March,Evening,C,Naypyitaw,Member,Female,Home and lifestyle,Ewallet,28.53,10,299.5650,14.2650,7.8
305-14-0245,2019-03-03,March,Evening,B,Mandalay,Member,Female,Home and lifestyle,Ewallet,94.49,8,793.7160,37.7960,7.5
280-35-5823,2019-01-17,January,Evening,B,Mandalay,Member,Female,Home and lifestyle,Ewallet,86.72,1,91.0560,4.3360,7.9
303-96-2227,2019-03-02,March,Evening,B,Mandalay,Normal,Female,Home and lifestyle,Ewallet,97.38,10,1022.4900,48.6900,4.4
558-60-5016,2019-03-04,March,Afternoon,A,Yangon,Normal,Female,Home and lifestyle,Ewallet,33.30,9,314.6850,14.9850,7.2
809-69-9497,2019-01-19,January,Evening,A,Yangon,Normal,Female,Home and lifestyle,Ewallet,45.68,10,479.6400,22.8400,5.7
501-61-1753,2019-01-03,January,Evening,B,Mandalay,Normal,Female,Home and lifestyle,Ewallet,63.15,6,397.8450,18.9450,9.8
593-14-4239,2019-03-05,March,Evening,B,Mandalay,Normal,Female,Home and lifestyle,Ewallet,95.46,8,801.8640,38.1840,4.7
892-05-6689,2019-03-11,March,Afternoon,A,Yangon,Normal,Female,Home and lifestyle,Ewallet,28.32,5,148.6800,7.0800,6.2
209-61-0206,2019-01-05,January,Evening,A,Yangon,Normal,Female,Home and lifestyle,Ewallet,42.91,5,225.2775,10.7275,6.1
256-08-8343,2019-03-04,March,Evening,A,Yangon,Normal,Female,Home and lifestyle,Ewallet,56.53,4,237.4260,11.3060,5.5
730-70-9830,2019-03-14,March,Evening,C,Naypyitaw,Normal,Female,Home and lifestyle,Ewallet,70.11,6,441.6930,21.0330,5.2
721-86-6247,2019-03-11,March,Afternoon,A,Yangon,Normal,Female,Home and lifestyle,Ewallet,63.42,8,532.7280,25.3680,7.4
856-22-8149,2019-03-23,March,Morning,A,Yangon,Normal,Female,Home and lifestyle,Ewallet,25.29,1,26.5545,1.2645,6.1
239-10-7476,2019-01-21,January,Afternoon,A,Yangon,Normal,Female,Home and lifestyle,Ewallet,77.95,6,491.0850,23.3850,8.0
319-50-3348,2019-03-11,March,Afternoon,B,Mandalay,Normal,Female,Home and lifestyle,Ewallet,40.30,2,84.6300,4.0300,4.4
315-22-5665,2019-02-24,February,Morning,C,Naypyitaw,Normal,Female,Home and lifestyle,Ewallet,73.56,10,772.3800,36.7800,8.0
267-62-7380,2019-03-29,March,Evening,C,Naypyitaw,Member,Male,Electronic accessories,Ewallet,82.34,10,864.5700,41.1700,4.3
585-90-0249,2019-01-27,January,Evening,A,Yangon,Member,Male,Electronic accessories,Ewallet,73.26,1,76.9230,3.6630,9.7
457-94-0464,2019-01-31,January,Evening,B,Mandalay,Member,Male,Electronic accessories,Ewallet,87.87,9,830.3715,39.5415,5.6
197-77-7132,2019-01-12,January,Evening,B,Mandalay,Member,Male,Electronic accessories,Ewallet,91.56,8,769.1040,36.6240,6.0
273-84-2164,2019-02-16,February,Afternoon,C,Naypyitaw,Member,Male,Electronic accessories,Ewallet,12.05,5,63.2625,3.0125,5.5
794-32-2436,2019-03-27,March,Afternoon,B,Mandalay,Member,Male,Electronic accessories,Ewallet,55.67,2,116.9070,5.5670,6.0
840-19-2096,2019-03-14,March,Evening,C,Naypyitaw,Member,Male,Electronic accessories,Ewallet,87.91,5,461.5275,21.9775,4.4
760-90-2357,2019-03-20,March,Afternoon,A,Yangon,Member,Male,Electronic accessories,Ewallet,74.51,6,469.4130,22.3530,5.0
726-29-6793,2019-01-28,January,Evening,A,Yangon,Member,Male,Electronic accessories,Ewallet,24.18,8,203.1120,9.6720,9.8
563-36-9814,2019-02-13,February,Evening,A,Yangon,Member,Male,Electronic accessories,Ewallet,76.82,1,80.6610,3.8410,7.2
411-77-0180,2019-03-26,March,Evening,A,Yangon,Member,Male,Electronic accessories,Ewallet,72.20,7,530.6700,25.2700,4.3
151-16-1484,2019-02-13,February,Afternoon,A,Yangon,Member,Male,Electronic accessories,Ewallet,32.25,4,135.4500,6.4500,6.5
583-72-1480,2019-01-31,January,Afternoon,C,Naypyitaw,Member,Male,Electronic accessories,Ewallet,37.06,4,155.6520,7.4120,9.7
704-48-3927,2019-01-12,January,Afternoon,A,Yangon,Member,Male,Electronic accessories,Ewallet,88.67,10,931.0350,44.3350,7.3
300-71-4605,2019-02-25,February,Morning,C,Naypyitaw,Member,Male,Electronic accessories,Ewallet,86.04,5,451.7100,21.5100,4.8
745-74-0715,2019-03-10,March,Evening,A,Yangon,Normal,Male,Electronic accessories,Ewallet,58.03,2,121.8630,5.8030,8.8
366-43-6862,2019-03-25,March,Afternoon,B,Mandalay,Normal,Male,Electronic accessories,Ewallet,52.89,4,222.1380,10.5780,6.7
886-77-9084,2019-02-19,February,Morning,C,Naypyitaw,Normal,Male,Electronic accessories,Ewallet,71.89,8,603.8760,28.7560,5.5
137-63-5492,2019-01-29,January,Afternoon,C,Naypyitaw,Normal,Male,Electronic accessories,Ewallet,58.76,10,616.9800,29.3800,9.0
438-23-1242,2019-01-24,January,Morning,B,Mandalay,Normal,Male,Electronic accessories,Ewallet,75.88,7,557.7180,26.5580,8.9
369-82-2676,2019-01-15,January,Evening,B,Mandalay,Normal,Male,Electronic accessories,Ewallet,75.66,5,397.2150,18.9150,7.8
655-07-2265,2019-03-05,March,Afternoon,A,Yangon,Normal,Male,Electronic accessories,Ewallet,78.31,3,246.6765,11.7465,5.4
219-61-4139,2019-01-23,January,Evening,C,Naypyitaw,Normal,Male,Electronic accessories,Ewallet,83.08,1,87.2340,4.1540,6.4
857-67-9057,2019-02-06,February,Evening,B,Mandalay,Normal,Male,Electronic accessories,Ewallet,22.95,10,240.9750,11.4750,8.2
575-67-1508,2019-01-29,January,Morning,A,Yangon,Normal,Male,Electronic accessories,Ewallet,38.60,1,40.5300,1.9300,6.7
598-47-9715,2019-03-07,March,Afternoon,C,Naypyitaw,Normal,Male,Electronic accessories,Ewallet,84.07,4,353.0940,16.8140,4.4
453-63-6187,2019-03-01,March,Afternoon,B,Mandalay,Normal,Male,Electronic accessories,Ewallet,27.50,3,86.6250,4.1250,6.5
558-80-4082,2019-03-14,March,Evening,C,Naypyitaw,Normal,Male,Electronic accessories,Ewallet,27.85,7,204.6975,9.7475,6.0
239-36-3640,2019-01-31,January,Afternoon,B,Mandalay,Normal,Male,Electronic accessories,Ewallet,45.35,6,285.7050,13.6050,6.1
888-02-0338,2019-01-25,January,Evening,A,Yangon,Normal,Male,Electronic accessories,Ewallet,26.23,9,247.8735,11.8035,5.9
594-34-4444,2019-03-08,March,Evening,A,Yangon,Normal,Male,Electronic accessories,Ewallet,97.16,1,102.0180,4.8580,7.2
636-48-8204,2019-02-17,February,Morning,A,Yangon,Normal,Male,Electronic accessories,Ewallet,34.56,5,181.4400,8.6400,9.9
699-14-3026,2019-03-25,March,Evening,C,Naypyitaw,Normal,Male,Electronic accessories,Ewallet,85.39,7,627.6165,29.8865,4.1
652-49-6720,2019-02-18,February,Morning,C,Naypyitaw,Member,Female,Electronic accessories,Ewallet,60.95,1,63.9975,3.0475,5.9
636-98-3364,2019-03-02,March,Afternoon,B,Mandalay,Member,Female,Electronic accessories,Ewallet,26.26,3,82.7190,3.9390,6.3
884-80-6021,2019-03-23,March,Afternoon,A,Yangon,Member,Female,Electronic accessories,Ewallet,73.47,10,771.4350,36.7350,9.5
761-49-0439,2019-01-19,January,Morning,B,Mandalay,Member,Female,Electronic accessories,Ewallet,12.10,8,101.6400,4.8400,8.6
324-41-6833,2019-03-03,March,Evening,C,Naypyitaw,Member,Female,Electronic accessories,Ewallet,30.20,8,253.6800,12.0800,5.1
785-96-0615,2019-02-17,February,Afternoon,B,Mandalay,Member,Female,Electronic accessories,Ewallet,35.74,8,300.2160,14.2960,4.9
807-14-7833,2019-02-22,February,Afternoon,A,Yangon,Member,Female,Electronic accessories,Ewallet,17.42,10,182.9100,8.7100,7.0
155-45-3814,2019-03-19,March,Afternoon,C,Naypyitaw,Member,Female,Electronic accessories,Ewallet,88.55,8,743.8200,35.4200,4.7
512-98-1403,2019-03-21,March,Morning,A,Yangon,Member,Female,Electronic accessories,Ewallet,26.48,3,83.4120,3.9720,4.7
355-53-5943,2019-02-25,February,Afternoon,A,Yangon,Member,Female,Electronic accessories,Ewallet,68.84,6,433.6920,20.6520,5.8
226-34-0034,2019-01-10,January,Morning,B,Mandalay,Normal,Female,Electronic accessories,Ewallet,13.78,4,57.8760,2.7560,9.0
151-27-8496,2019-01-19,January,Morning,C,Naypyitaw,Normal,Female,Electronic accessories,Ewallet,56.13,4,235.7460,11.2260,8.6
866-70-2814,2019-02-25,February,Morning,B,Mandalay,Normal,Female,Electronic accessories,Ewallet,52.79,10,554.2950,26.3950,10.0
183-21-3799,2019-02-19,February,Afternoon,C,Naypyitaw,Normal,Female,Electronic accessories,Ewallet,77.63,9,733.6035,34.9335,7.2
834-45-5519,2019-01-31,January,Evening,B,Mandalay,Normal,Female,Electronic accessories,Ewallet,43.00,4,180.6000,8.6000,7.6
134-54-4720,2019-01-30,January,Afternoon,B,Mandalay,Normal,Female,Electronic accessories,Ewallet,42.42,8,356.3280,16.9680,5.7
459-50-7686,2019-01-13,January,Evening,A,Yangon,Normal,Female,Electronic accessories,Ewallet,23.46,6,147.7980,7.0380,6.4
850-41-9669,2019-03-19,March,Afternoon,A,Yangon,Normal,Female,Electronic accessories,Ewallet,75.06,9,709.3170,33.7770,6.2
272-65-1806,2019-01-15,January,Evening,A,Yangon,Normal,Female,Electronic accessories,Ewallet,60.88,9,575.3160,27.3960,4.7
365-64-0515,2019-02-12,February,Morning,A,Yangon,Normal,Female,Electronic accessories,Ewallet,46.95,5,246.4875,11.7375,7.1
503-21-4385,2019-02-21,February,Afternoon,B,Mandalay,Member,Male,Health and beauty,Ewallet,39.91,3,125.7165,5.9865,9.3
176-78-1170,2019-01-26,January,Afternoon,C,Naypyitaw,Member,Male,Health and beauty,Ewallet,33.81,3,106.5015,5.0715,7.3
528-14-9470,2019-02-14,February,Afternoon,A,Yangon,Member,Male,Health and beauty,Ewallet,91.30,1,95.8650,4.5650,9.2
425-85-2085,2019-03-29,March,Afternoon,B,Mandalay,Member,Male,Health and beauty,Ewallet,54.86,5,288.0150,13.7150,9.8
787-15-1757,2019-02-18,February,Afternoon,C,Naypyitaw,Member,Male,Health and beauty,Ewallet,44.07,4,185.0940,8.8140,8.4
667-92-0055,2019-03-04,March,Afternoon,A,Yangon,Member,Male,Health and beauty,Ewallet,99.83,6,628.9290,29.9490,8.5
157-13-5295,2019-03-09,March,Evening,A,Yangon,Member,Male,Health and beauty,Ewallet,51.94,10,545.3700,25.9700,6.5
836-82-5858,2019-01-26,January,Evening,B,Mandalay,Member,Male,Health and beauty,Ewallet,69.37,9,655.5465,31.2165,4.0
875-46-5808,2019-02-06,February,Afternoon,B,Mandalay,Member,Male,Health and beauty,Ewallet,25.90,10,271.9500,12.9500,8.7
342-65-4817,2019-01-28,January,Afternoon,C,Naypyitaw,Member,Male,Health and beauty,Ewallet,86.80,3,273.4200,13.0200,9.9
505-02-0892,2019-02-25,February,Afternoon,B,Mandalay,Member,Male,Health and beauty,Ewallet,42.57,8,357.5880,17.0280,5.6
743-04-1105,2019-03-30,March,Afternoon,B,Mandalay,Member,Male,Health and beauty,Ewallet,97.22,9,918.7290,43.7490,6.0
123-19-1176,2019-01-27,January,Evening,A,Yangon,Member,Male,Health and beauty,Ewallet,58.22,8,489.0480,23.2880,8.4
233-67-5758,2019-01-29,January,Afternoon,C,Naypyitaw,Normal,Male,Health and beauty,Ewallet,40.35,1,42.3675,2.0175,6.2
458-10-8612,2019-01-20,January,Afternoon,C,Naypyitaw,Normal,Male,Health and beauty,Ewallet,64.08,7,470.9880,22.4280,7.6
658-66-3967,2019-01-14,January,Afternoon,C,Naypyitaw,Normal,Male,Health and beauty,Ewallet,53.19,7,390.9465,18.6165,5.0
565-91-4567,2019-03-15,March,Afternoon,B,Mandalay,Normal,Male,Health and beauty,Ewallet,10.75,8,90.3000,4.3000,6.2
635-28-5728,2019-02-28,February,Evening,A,Yangon,Normal,Male,Health and beauty,Ewallet,56.00,3,176.4000,8.4000,4.8
648-94-3045,2019-02-07,February,Afternoon,C,Naypyitaw,Normal,Male,Health and beauty,Ewallet,58.95,10,618.9750,29.4750,8.1
207-73-1363,2019-03-01,March,Afternoon,B,Mandalay,Normal,Male,Health and beauty,Ewallet,69.51,2,145.9710,6.9510,8.1
287-83-1405,2019-02-12,February,Evening,A,Yangon,Normal,Male,Health and beauty,Ewallet,25.43,6,160.2090,7.6290,7.0
568-88-3448,2019-03-03,March,Afternoon,A,Yangon,Normal,Male,Health and beauty,Ewallet,25.00,1,26.2500,1.2500,5.5
268-03-6164,2019-01-25,January,Afternoon,B,Mandalay,Normal,Male,Health and beauty,Ewallet,96.11,1,100.9155,4.8055,7.8
372-94-8041,2019-02-15,February,Evening,A,Yangon,Normal,Male,Health and beauty,Ewallet,15.26,6,96.1380,4.5780,9.8
585-03-5943,2019-03-13,March,Morning,B,Mandalay,Normal,Male,Health and beauty,Ewallet,18.11,10,190.1550,9.0550,5.9
824-88-3614,2019-01-25,January,Afternoon,C,Naypyitaw,Normal,Male,Health and beauty,Ewallet,34.31,8,288.2040,13.7240,5.7
249-42-3782,2019-01-03,January,Morning,A,Yangon,Normal,Male,Health and beauty,Ewallet,70.01,5,367.5525,17.5025,5.5
766-85-7061,2019-03-29,March,Morning,B,Mandalay,Normal,Male,Health and beauty,Ewallet,87.87,10,922.6350,43.9350,5.1
635-40-6220,2019-02-07,February,Morning,A,Yangon,Normal,Male,Health and beauty,Ewallet,89.60,8,752.6400,35.8400,6.6
371-85-5789,2019-03-05,March,Morning,B,Mandalay,Normal,Male,Health and beauty,Ewallet,87.98,3,277.1370,13.1970,5.1
101-81-4070,2019-01-17,January,Afternoon,C,Naypyitaw,Member,Female,Health and beauty,Ewallet,62.82,2,131.9220,6.2820,4.9
160-22-2687,2019-01-23,January,Afternoon,A,Yangon,Member,Female,Health and beauty,Ewallet,95.95,5,503.7375,23.9875,8.8
516-77-6464,2019-02-24,February,Afternoon,C,Naypyitaw,Member,Female,Health and beauty,Ewallet,10.16,5,53.3400,2.5400,4.1
587-73-4862,2019-03-26,March,Morning,A,Yangon,Member,Female,Health and beauty,Ewallet,10.69,5,56.1225,2.6725,7.6
408-66-6712,2019-02-16,February,Afternoon,C,Naypyitaw,Member,Female,Health and beauty,Ewallet,47.71,6,300.5730,14.3130,4.4
608-04-3797,2019-03-05,March,Evening,B,Mandalay,Member,Female,Health and beauty,Ewallet,25.32,8,212.6880,10.1280,8.7
186-09-3669,2019-01-22,January,Morning,C,Naypyitaw,Member,Female,Health and beauty,Ewallet,81.51,1,85.5855,4.0755,9.2
433-75-6987,2019-03-05,March,Evening,B,Mandalay,Member,Female,Health and beauty,Ewallet,55.97,7,411.3795,19.5895,8.9
750-67-8428,2019-01-05,January,Afternoon,A,Yangon,Member,Female,Health and beauty,Ewallet,74.69,7,548.9715,26.1415,9.1
764-44-8999,2019-02-18,February,Afternoon,B,Mandalay,Normal,Female,Health and beauty,Ewallet,14.76,2,30.9960,1.4760,4.3
433-08-7822,2019-01-05,January,Evening,C,Naypyitaw,Normal,Female,Health and beauty,Ewallet,78.89,7,579.8415,27.6115,7.5
545-07-8534,2019-02-14,February,Afternoon,C,Naypyitaw,Normal,Female,Health and beauty,Ewallet,58.32,2,122.4720,5.8320,6.0
268-20-3585,2019-02-04,February,Afternoon,C,Naypyitaw,Normal,Female,Health and beauty,Ewallet,13.85,9,130.8825,6.2325,6.0
576-31-4774,2019-03-02,March,Afternoon,B,Mandalay,Normal,Female,Health and beauty,Ewallet,73.41,3,231.2415,11.0115,4.0
190-14-3147,2019-02-23,February,Evening,B,Mandalay,Normal,Female,Health and beauty,Ewallet,17.97,4,75.4740,3.5940,6.4
848-07-1692,2019-01-12,January,Evening,B,Mandalay,Normal,Female,Health and beauty,Ewallet,57.22,2,120.1620,5.7220,8.3
726-27-2396,2019-01-24,January,Evening,A,Yangon,Normal,Female,Health and beauty,Ewallet,77.50,5,406.8750,19.3750,4.3
885-17-6250,2019-03-06,March,Morning,A,Yangon,Normal,Female,Health and beauty,Ewallet,79.74,1,83.7270,3.9870,7.3
477-24-6490,2019-02-26,February,Afternoon,B,Mandalay,Normal,Female,Health and beauty,Ewallet,99.71,6,628.1730,29.9130,7.9
749-24-1565,2019-01-03,January,Afternoon,A,Yangon,Normal,Female,Health and beauty,Ewallet,23.03,9,217.6335,10.3635,7.9
483-71-1164,2019-03-08,March,Afternoon,C,Naypyitaw,Normal,Female,Health and beauty,Ewallet,81.30,6,512.1900,24.3900,5.3
838-78-4295,2019-02-10,February,Afternoon,C,Naypyitaw,Normal,Female,Health and beauty,Ewallet,33.47,2,70.2870,3.3470,6.7
333-73-7901,2019-03-23,March,Afternoon,C,Naypyitaw,Normal,Female,Health and beauty,Ewallet,54.92,8,461.3280,21.9680,7.6
256-58-3609,2019-03-18,March,Afternoon,C,Naypyitaw,Member,Male,Fashion accessories,Cash,91.98,1,96.5790,4.5990,9.8
702-83-5291,2019-03-27,March,Morning,C,Naypyitaw,Member,Male,Fashion accessories,Cash,99.82,9,943.2990,44.9190,6.6
885-56-0389,2019-02-12,February,Evening,C,Naypyitaw,Member,Male,Fashion accessories,Cash,52.35,1,54.9675,2.6175,4.0
242-11-3142,2019-02-24,February,Evening,B,Mandalay,Member,Male,Fashion accessories,Cash,83.77,2,175.9170,8.3770,4.6
574-31-8277,2019-03-20,March,Evening,B,Mandalay,Member,Male,Fashion accessories,Cash,33.63,1,35.3115,1.6815,5.6
598-06-7312,2019-02-16,February,Afternoon,B,Mandalay,Member,Male,Fashion accessories,Cash,91.35,1,95.9175,4.5675,6.8
789-23-8625,2019-01-24,January,Morning,B,Mandalay,Member,Male,Fashion accessories,Cash,93.22,3,293.6430,13.9830,7.2
198-84-7132,2019-01-02,January,Afternoon,B,Mandalay,Member,Male,Fashion accessories,Cash,40.61,9,383.7645,18.2745,7.0
537-72-0426,2019-03-20,March,Afternoon,C,Naypyitaw,Member,Male,Fashion accessories,Cash,70.99,10,745.3950,35.4950,5.7
110-48-7033,2019-01-29,January,Afternoon,B,Mandalay,Member,Male,Fashion accessories,Cash,32.62,4,137.0040,6.5240,9.0
269-04-5750,2019-02-21,February,Evening,B,Mandalay,Member,Male,Fashion accessories,Cash,73.82,4,310.0440,14.7640,6.7
163-56-7055,2019-03-26,March,Evening,C,Naypyitaw,Member,Male,Fashion accessories,Cash,48.71,1,51.1455,2.4355,4.1
744-82-9138,2019-02-07,February,Evening,C,Naypyitaw,Normal,Male,Fashion accessories,Cash,86.13,2,180.8730,8.6130,8.2
843-73-4724,2019-01-25,January,Morning,A,Yangon,Normal,Male,Fashion accessories,Cash,74.10,1,77.8050,3.7050,9.2
896-34-0956,2019-01-26,January,Afternoon,A,Yangon,Normal,Male,Fashion accessories,Cash,21.32,1,22.3860,1.0660,5.9
497-36-0989,2019-02-15,February,Afternoon,A,Yangon,Normal,Male,Fashion accessories,Cash,51.94,3,163.6110,7.7910,7.9
807-34-3742,2019-03-26,March,Evening,A,Yangon,Normal,Male,Fashion accessories,Cash,52.38,1,54.9990,2.6190,5.8
379-17-6588,2019-03-14,March,Morning,C,Naypyitaw,Normal,Male,Fashion accessories,Cash,59.61,10,625.9050,29.8050,5.3
514-37-2845,2019-03-20,March,Afternoon,B,Mandalay,Normal,Male,Fashion accessories,Cash,99.25,2,208.4250,9.9250,9.0
489-64-4354,2019-03-09,March,Afternoon,C,Naypyitaw,Normal,Male,Fashion accessories,Cash,16.28,1,17.0940,0.8140,5.0
382-25-8917,2019-01-29,January,Afternoon,C,Naypyitaw,Normal,Male,Fashion accessories,Cash,42.08,6,265.1040,12.6240,8.9
566-71-1091,2019-02-03,February,Afternoon,A,Yangon,Normal,Male,Fashion accessories,Cash,77.02,5,404.3550,19.2550,5.5
566-19-5475,2019-01-07,January,Evening,B,Mandalay,Normal,Male,Fashion accessories,Cash,47.97,7,352.5795,16.7895,6.2
130-98-8941,2019-02-09,February,Morning,C,Naypyitaw,Normal,Male,Fashion accessories,Cash,64.26,7,472.3110,22.4910,5.7
597-78-7908,2019-02-18,February,Evening,C,Naypyitaw,Normal,Male,Fashion accessories,Cash,90.22,3,284.1930,13.5330,6.2
189-98-2939,2019-03-01,March,Afternoon,C,Naypyitaw,Normal,Male,Fashion accessories,Cash,78.55,9,742.2975,35.3475,7.2
362-58-8315,2019-03-25,March,Morning,C,Naypyitaw,Normal,Male,Fashion accessories,Cash,76.52,5,401.7300,19.1300,9.9
796-12-2025,2019-02-11,February,Afternoon,C,Naypyitaw,Normal,Male,Fashion accessories,Cash,62.12,10,652.2600,31.0600,5.9
649-29-6775,2019-02-08,February,Afternoon,B,Mandalay,Normal,Male,Fashion accessories,Cash,33.52,1,35.1960,1.6760,6.7
849-09-3807,2019-02-18,February,Afternoon,A,Yangon,Member,Female,Fashion accessories,Cash,88.34,7,649.2990,30.9190,6.6
759-29-9521,2019-03-04,March,Morning,A,Yangon,Member,Female,Fashion accessories,Cash,48.96,9,462.6720,22.0320,8.0
196-01-2849,2019-02-10,February,Afternoon,C,Naypyitaw,Member,Female,Fashion accessories,Cash,73.38,7,539.3430,25.6830,9.5
484-22-8230,2019-01-08,January,Evening,C,Naypyitaw,Member,Female,Fashion accessories,Cash,51.89,7,381.3915,18.1615,4.5
198-66-9832,2019-02-04,February,Evening,B,Mandalay,Member,Female,Fashion accessories,Cash,72.04,2,151.2840,7.2040,9.5
767-54-1907,2019-02-13,February,Afternoon,B,Mandalay,Member,Female,Fashion accessories,Cash,29.56,5,155.1900,7.3900,6.9
725-32-9708,2019-01-04,January,Evening,B,Mandalay,Member,Female,Fashion accessories,Cash,68.71,4,288.5820,13.7420,4.1
541-89-9860,2019-02-15,February,Afternoon,C,Naypyitaw,Member,Female,Fashion accessories,Cash,80.48,3,253.5120,12.0720,8.1
655-85-5130,2019-03-13,March,Evening,B,Mandalay,Member,Female,Fashion accessories,Cash,38.30,4,160.8600,7.6600,5.7
279-62-1445,2019-02-21,February,Afternoon,C,Naypyitaw,Member,Female,Fashion accessories,Cash,12.54,1,13.1670,0.6270,8.2
556-86-3144,2019-01-13,January,Evening,C,Naypyitaw,Member,Female,Fashion accessories,Cash,74.29,1,78.0045,3.7145,5.0
846-10-0341,2019-01-06,January,Morning,A,Yangon,Normal,Female,Fashion accessories,Cash,42.57,7,312.8895,14.8995,6.8
749-81-8133,2019-03-11,March,Afternoon,A,Yangon,Normal,Female,Fashion accessories,Cash,94.67,4,397.6140,18.9340,6.8
895-03-6665,2019-02-16,February,Morning,B,Mandalay,Normal,Female,Fashion accessories,Cash,36.51,9,345.0195,16.4295,4.2
125-45-2293,2019-01-19,January,Afternoon,A,Yangon,Normal,Female,Fashion accessories,Cash,99.10,6,624.3300,29.7300,4.2
477-59-2456,2019-01-23,January,Morning,C,Naypyitaw,Normal,Female,Fashion accessories,Cash,45.44,7,333.9840,15.9040,9.2
418-05-0656,2019-02-02,February,Evening,B,Mandalay,Normal,Female,Fashion accessories,Cash,25.56,7,187.8660,8.9460,7.1
258-69-7810,2019-01-26,January,Evening,C,Naypyitaw,Normal,Female,Fashion accessories,Cash,36.85,5,193.4625,9.2125,9.2
651-88-7328,2019-01-01,January,Afternoon,A,Yangon,Normal,Female,Fashion accessories,Cash,65.74,9,621.2430,29.5830,7.7
582-52-8065,2019-02-22,February,Morning,B,Mandalay,Normal,Female,Fashion accessories,Cash,54.31,9,513.2295,24.4395,8.9
709-58-4068,2019-02-28,February,Afternoon,B,Mandalay,Normal,Female,Fashion accessories,Cash,41.09,10,431.4450,20.5450,7.3
173-82-9529,2019-01-26,January,Afternoon,B,Mandalay,Normal,Female,Fashion accessories,Cash,37.95,10,398.4750,18.9750,9.7
834-25-9262,2019-01-06,January,Afternoon,C,Naypyitaw,Normal,Female,Fashion accessories,Cash,81.68,4,343.0560,16.3360,9.1
563-91-7120,2019-03-08,March,Afternoon,A,Yangon,Normal,Female,Fashion accessories,Cash,61.77,5,324.2925,15.4425,6.7
848-42-2560,2019-03-05,March,Evening,A,Yangon,Normal,Female,Fashion accessories,Cash,81.91,2,172.0110,8.1910,7.8
289-65-5721,2019-01-26,January,Evening,B,Mandalay,Normal,Female,Fashion accessories,Cash,81.37,2,170.8770,8.1370,6.5
191-10-6171,2019-01-25,January,Afternoon,B,Mandalay,Normal,Female,Fashion accessories,Cash,39.62,7,291.2070,13.8670,7.5
227-78-1148,2019-02-15,February,Afternoon,B,Mandalay,Normal,Female,Fashion accessories,Cash,72.84,7,535.3740,25.4940,8.4
727-02-1313,2019-02-09,February,Afternoon,A,Yangon,Member,Male,Food and beverages,Cash,31.84,1,33.4320,1.5920,7.7
728-47-9078,2019-01-19,January,Afternoon,C,Naypyitaw,Member,Male,Food and beverages,Cash,59.59,4,250.2780,11.9180,9.8
577-34-7579,2019-01-10,January,Evening,C,Naypyitaw,Member,Male,Food and beverages,Cash,50.49,9,477.1305,22.7205,5.4
200-16-5952,2019-01-17,January,Afternoon,C,Naypyitaw,Member,Male,Food and beverages,Cash,65.65,2,137.8650,6.5650,6.0
786-94-2700,2019-02-28,February,Evening,A,Yangon,Member,Male,Food and beverages,Cash,80.62,6,507.9060,24.1860,9.1
162-65-8559,2019-01-21,January,Evening,C,Naypyitaw,Member,Male,Food and beverages,Cash,68.98,1,72.4290,3.4490,4.8
642-61-4706,2019-03-30,March,Afternoon,B,Mandalay,Member,Male,Food and beverages,Cash,93.40,2,196.1400,9.3400,5.5
450-28-2866,2019-01-15,January,Evening,C,Naypyitaw,Member,Male,Food and beverages,Cash,17.44,5,91.5600,4.3600,8.1
719-76-3868,2019-03-12,March,Afternoon,C,Naypyitaw,Member,Male,Food and beverages,Cash,94.26,4,395.8920,18.8520,8.6
815-11-1168,2019-03-09,March,Evening,A,Yangon,Member,Male,Food and beverages,Cash,99.78,5,523.8450,24.9450,5.4
174-36-3675,2019-02-14,February,Evening,C,Naypyitaw,Member,Male,Food and beverages,Cash,99.37,2,208.6770,9.9370,5.2
434-83-9547,2019-01-23,January,Morning,C,Naypyitaw,Member,Male,Food and beverages,Cash,38.47,8,323.1480,15.3880,7.7
326-78-5178,2019-02-03,February,Morning,C,Naypyitaw,Member,Male,Food and beverages,Cash,91.40,7,671.7900,31.9900,9.5
865-41-9075,2019-01-28,January,Evening,A,Yangon,Normal,Male,Food and beverages,Cash,11.53,7,84.7455,4.0355,8.1
770-42-8960,2019-01-01,January,Evening,B,Mandalay,Normal,Male,Food and beverages,Cash,21.12,8,177.4080,8.4480,6.3
390-31-6381,2019-01-07,January,Afternoon,C,Naypyitaw,Normal,Male,Food and beverages,Cash,27.22,3,85.7430,4.0830,7.3
458-61-0011,2019-02-20,February,Evening,B,Mandalay,Normal,Male,Food and beverages,Cash,60.30,4,253.2600,12.0600,5.8
541-08-3113,2019-02-02,February,Evening,C,Naypyitaw,Normal,Male,Food and beverages,Cash,65.97,8,554.1480,26.3880,8.4
639-76-1242,2019-02-03,February,Afternoon,C,Naypyitaw,Normal,Male,Food and beverages,Cash,40.52,5,212.7300,10.1300,4.5
689-16-9784,2019-03-11,March,Afternoon,C,Naypyitaw,Normal,Male,Food and beverages,Cash,46.77,6,294.6510,14.0310,6.0
735-06-4124,2019-02-25,February,Afternoon,C,Naypyitaw,Normal,Male,Food and beverages,Cash,48.61,1,51.0405,2.4305,4.4
213-72-6612,2019-03-20,March,Afternoon,A,Yangon,Normal,Male,Food and beverages,Cash,43.25,2,90.8250,4.3250,6.2
796-32-9050,2019-01-19,January,Afternoon,A,Yangon,Normal,Male,Food and beverages,Cash,51.28,6,323.0640,15.3840,6.5
212-62-1842,2019-03-28,March,Afternoon,A,Yangon,Normal,Male,Food and beverages,Cash,58.26,6,367.0380,17.4780,9.9
384-59-6655,2019-02-19,February,Afternoon,A,Yangon,Member,Female,Food and beverages,Cash,98.66,9,932.3370,44.3970,8.4
784-08-0310,2019-01-13,January,Afternoon,C,Naypyitaw,Member,Female,Food and beverages,Cash,21.04,4,88.3680,4.2080,7.6
459-45-2396,2019-02-25,February,Evening,A,Yangon,Member,Female,Food and beverages,Cash,99.60,3,313.7400,14.9400,5.8
409-49-6995,2019-02-05,February,Morning,C,Naypyitaw,Member,Female,Food and beverages,Cash,47.27,6,297.8010,14.1810,8.8
548-48-3156,2019-03-19,March,Afternoon,A,Yangon,Member,Female,Food and beverages,Cash,83.34,2,175.0140,8.3340,7.6
316-66-3011,2019-01-23,January,Afternoon,A,Yangon,Member,Female,Food and beverages,Cash,47.63,9,450.1035,21.4335,5.0
845-94-6841,2019-01-08,January,Evening,C,Naypyitaw,Member,Female,Food and beverages,Cash,72.88,9,688.7160,32.7960,4.0
390-17-5806,2019-02-02,February,Afternoon,C,Naypyitaw,Member,Female,Food and beverages,Cash,38.42,1,40.3410,1.9210,8.6
592-46-1692,2019-01-11,January,Evening,C,Naypyitaw,Member,Female,Food and beverages,Cash,36.77,7,270.2595,12.8695,7.4
274-05-5470,2019-02-23,February,Evening,A,Yangon,Member,Female,Food and beverages,Cash,73.47,4,308.5740,14.6940,6.0
364-33-8584,2019-03-08,March,Afternoon,B,Mandalay,Member,Female,Food and beverages,Cash,17.63,5,92.5575,4.4075,8.5
135-13-8269,2019-01-26,January,Afternoon,B,Mandalay,Member,Female,Food and beverages,Cash,78.88,2,165.6480,7.8880,9.1
436-54-4512,2019-03-20,March,Evening,A,Yangon,Member,Female,Food and beverages,Cash,91.61,1,96.1905,4.5805,9.8
277-35-5865,2019-03-09,March,Morning,C,Naypyitaw,Member,Female,Food and beverages,Cash,98.97,9,935.2665,44.5365,6.7
320-32-8842,2019-03-17,March,Evening,C,Naypyitaw,Member,Female,Food and beverages,Cash,22.62,1,23.7510,1.1310,6.4
428-83-5800,2019-02-09,February,Morning,C,Naypyitaw,Member,Female,Food and beverages,Cash,21.08,3,66.4020,3.1620,7.3
316-68-6352,2019-01-21,January,Morning,A,Yangon,Member,Female,Food and beverages,Cash,36.36,2,76.3560,3.6360,7.1
571-94-0759,2019-01-08,January,Evening,B,Mandalay,Member,Female,Food and beverages,Cash,74.60,10,783.3000,37.3000,9.5
162-48-8011,2019-02-10,February,Afternoon,A,Yangon,Member,Female,Food and beverages,Cash,44.59,5,234.0975,11.1475,8.5
228-96-1411,2019-03-04,March,Evening,C,Naypyitaw,Member,Female,Food and beverages,Cash,98.70,8,829.0800,39.4800,7.6
221-25-5073,2019-03-04,March,Morning,A,Yangon,Normal,Female,Food and beverages,Cash,74.66,4,313.5720,14.9320,8.5
372-62-5264,2019-01-16,January,Afternoon,C,Naypyitaw,Normal,Female,Food and beverages,Cash,52.60,9,497.0700,23.6700,7.6
305-03-2383,2019-02-15,February,Morning,A,Yangon,Normal,Female,Food and beverages,Cash,67.10,3,211.3650,10.0650,7.5
278-86-2735,2019-03-27,March,Afternoon,A,Yangon,Normal,Female,Food and beverages,Cash,52.34,3,164.8710,7.8510,9.2
862-59-8517,2019-01-27,January,Morning,C,Naypyitaw,Normal,Female,Food and beverages,Cash,90.24,6,568.5120,27.0720,6.2
868-52-7573,2019-01-14,January,Afternoon,B,Mandalay,Normal,Female,Food and beverages,Cash,99.69,5,523.3725,24.9225,9.9
272-27-9238,2019-02-19,February,Afternoon,C,Naypyitaw,Normal,Female,Food and beverages,Cash,41.24,4,173.2080,8.2480,7.1
605-72-4132,2019-02-27,February,Afternoon,C,Naypyitaw,Normal,Female,Food and beverages,Cash,94.47,8,793.5480,37.7880,9.1
649-11-3678,2019-02-26,February,Evening,C,Naypyitaw,Normal,Female,Food and beverages,Cash,22.93,9,216.6885,10.3185,5.5
677-11-0152,2019-01-16,January,Evening,C,Naypyitaw,Normal,Female,Food and beverages,Cash,93.26,9,881.3070,41.9670,8.8
286-43-6208,2019-03-16,March,Evening,C,Naypyitaw,Normal,Female,Food and beverages,Cash,87.80,9,829.7100,39.5100,9.2
588-01-7461,2019-03-24,March,Morning,C,Naypyitaw,Normal,Female,Food and beverages,Cash,33.98,9,321.1110,15.2910,4.2
145-94-9061,2019-01-25,January,Evening,B,Mandalay,Normal,Female,Food and beverages,Cash,88.36,5,463.8900,22.0900,9.6
166-19-2553,2019-01-18,January,Evening,A,Yangon,Member,Male,Sports and travel,Cash,89.06,6,561.0780,26.7180,9.9
784-21-9238,2019-02-07,February,Afternoon,C,Naypyitaw,Member,Male,Sports and travel,Cash,10.17,1,10.6785,0.5085,5.9
102-06-2002,2019-03-20,March,Evening,C,Naypyitaw,Member,Male,Sports and travel,Cash,25.25,5,132.5625,6.3125,6.1
173-57-2300,2019-03-13,March,Afternoon,C,Naypyitaw,Member,Male,Sports and travel,Cash,72.88,2,153.0480,7.2880,6.1
327-40-9673,2019-01-13,January,Evening,B,Mandalay,Member,Male,Sports and travel,Cash,72.60,6,457.3800,21.7800,6.9
585-11-6748,2019-03-15,March,Afternoon,B,Mandalay,Member,Male,Sports and travel,Cash,96.80,3,304.9200,14.5200,5.3
343-61-3544,2019-01-29,January,Morning,B,Mandalay,Member,Male,Sports and travel,Cash,26.67,10,280.0350,13.3350,8.6
525-88-7307,2019-01-31,January,Afternoon,B,Mandalay,Member,Male,Sports and travel,Cash,75.82,1,79.6110,3.7910,5.8
532-59-7201,2019-01-31,January,Afternoon,B,Mandalay,Member,Male,Sports and travel,Cash,79.93,6,503.5590,23.9790,5.5
360-39-5055,2019-03-09,March,Morning,C,Naypyitaw,Member,Male,Sports and travel,Cash,48.91,5,256.7775,12.2275,6.6
149-71-6266,2019-01-28,January,Afternoon,B,Mandalay,Member,Male,Sports and travel,Cash,78.07,9,737.7615,35.1315,4.5
460-93-5834,2019-01-13,January,Morning,A,Yangon,Normal,Male,Sports and travel,Cash,45.58,7,335.0130,15.9530,5.0
875-31-8302,2019-01-03,January,Afternoon,B,Mandalay,Normal,Male,Sports and travel,Cash,93.38,1,98.0490,4.6690,9.6
388-76-2555,2019-02-13,February,Afternoon,B,Mandalay,Normal,Male,Sports and travel,Cash,13.69,6,86.2470,4.1070,6.3
827-77-7633,2019-02-17,February,Evening,A,Yangon,Normal,Male,Sports and travel,Cash,98.09,9,926.9505,44.1405,9.3
632-32-4574,2019-03-20,March,Afternoon,B,Mandalay,Normal,Male,Sports and travel,Cash,75.92,8,637.7280,30.3680,5.5
554-53-3790,2019-03-22,March,Evening,B,Mandalay,Normal,Male,Sports and travel,Cash,37.02,6,233.2260,11.1060,4.5
741-73-3559,2019-02-27,February,Evening,B,Mandalay,Normal,Male,Sports and travel,Cash,67.27,5,353.1675,16.8175,6.9
578-80-7669,2019-03-16,March,Afternoon,B,Mandalay,Normal,Male,Sports and travel,Cash,74.97,1,78.7185,3.7485,5.6
150-89-8043,2019-02-14,February,Afternoon,A,Yangon,Normal,Male,Sports and travel,Cash,44.65,3,140.6475,6.6975,6.2
275-28-0149,2019-02-25,February,Afternoon,A,Yangon,Normal,Male,Sports and travel,Cash,63.69,1,66.8745,3.1845,6.0
241-72-9525,2019-02-16,February,Afternoon,B,Mandalay,Normal,Male,Sports and travel,Cash,51.91,10,545.0550,25.9550,8.2
630-74-5166,2019-03-22,March,Evening,A,Yangon,Normal,Male,Sports and travel,Cash,62.13,6,391.4190,18.6390,7.4
504-35-8843,2019-01-02,January,Afternoon,A,Yangon,Normal,Male,Sports and travel,Cash,42.47,1,44.5935,2.1235,5.7
232-11-3025,2019-01-24,January,Morning,A,Yangon,Normal,Male,Sports and travel,Cash,78.77,10,827.0850,39.3850,6.4
640-49-2076,2019-01-10,January,Afternoon,B,Mandalay,Normal,Male,Sports and travel,Cash,83.78,8,703.7520,33.5120,5.1
343-75-9322,2019-01-09,January,Afternoon,B,Mandalay,Member,Female,Sports and travel,Cash,11.85,8,99.5400,4.7400,4.1
864-24-7918,2019-02-22,February,Afternoon,A,Yangon,Member,Female,Sports and travel,Cash,24.49,10,257.1450,12.2450,8.1
678-79-0726,2019-01-18,January,Afternoon,C,Naypyitaw,Member,Female,Sports and travel,Cash,90.63,9,856.4535,40.7835,5.1
394-55-6384,2019-01-25,January,Afternoon,C,Naypyitaw,Member,Female,Sports and travel,Cash,70.19,9,663.2955,31.5855,6.7
816-72-8853,2019-01-29,January,Afternoon,A,Yangon,Member,Female,Sports and travel,Cash,27.93,5,146.6325,6.9825,5.9
859-71-0933,2019-01-16,January,Afternoon,C,Naypyitaw,Member,Female,Sports and travel,Cash,15.49,2,32.5290,1.5490,6.3
560-49-6611,2019-02-07,February,Afternoon,A,Yangon,Member,Female,Sports and travel,Cash,45.58,1,47.8590,2.2790,9.8
387-49-4215,2019-01-08,January,Afternoon,B,Mandalay,Member,Female,Sports and travel,Cash,48.50,3,152.7750,7.2750,6.7
420-18-8989,2019-02-02,February,Afternoon,A,Yangon,Member,Female,Sports and travel,Cash,51.52,8,432.7680,20.6080,9.6
401-18-8016,2019-01-21,January,Evening,B,Mandalay,Member,Female,Sports and travel,Cash,98.13,1,103.0365,4.9065,8.9
340-21-9136,2019-01-25,January,Morning,A,Yangon,Member,Female,Sports and travel,Cash,40.05,4,168.2100,8.0100,9.7
447-15-7839,2019-02-09,February,Morning,A,Yangon,Member,Female,Sports and travel,Cash,22.24,10,233.5200,11.1200,4.2
891-58-8335,2019-03-11,March,Afternoon,B,Mandalay,Member,Female,Sports and travel,Cash,29.61,7,217.6335,10.3635,6.5
802-70-5316,2019-03-06,March,Evening,A,Yangon,Member,Female,Sports and travel,Cash,92.13,6,580.4190,27.6390,8.3
354-25-5821,2019-02-08,February,Afternoon,B,Mandalay,Member,Female,Sports and travel,Cash,69.12,6,435.4560,20.7360,5.6
299-46-1805,2019-01-15,January,Afternoon,B,Mandalay,Member,Female,Sports and travel,Cash,93.72,6,590.4360,28.1160,4.5
361-85-2571,2019-03-30,March,Morning,A,Yangon,Normal,Female,Sports and travel,Cash,89.48,5,469.7700,22.3700,7.4
714-02-3114,2019-02-21,February,Morning,C,Naypyitaw,Normal,Female,Sports and travel,Cash,98.80,2,207.4800,9.8800,7.7
322-02-2271,2019-02-03,February,Morning,B,Mandalay,Normal,Female,Sports and travel,Cash,42.97,3,135.3555,6.4455,9.3
539-21-7227,2019-01-26,January,Evening,B,Mandalay,Normal,Female,Sports and travel,Cash,51.54,5,270.5850,12.8850,4.2
282-35-2475,2019-03-25,March,Evening,B,Mandalay,Normal,Female,Sports and travel,Cash,93.31,2,195.9510,9.3310,6.3
326-71-2155,2019-02-03,February,Morning,C,Naypyitaw,Normal,Female,Sports and travel,Cash,73.95,4,310.5900,14.7900,6.1
301-11-9629,2019-01-15,January,Morning,A,Yangon,Normal,Female,Sports and travel,Cash,19.10,7,140.3850,6.6850,9.7
613-59-9758,2019-01-27,January,Afternoon,C,Naypyitaw,Normal,Female,Sports and travel,Cash,14.36,10,150.7800,7.1800,5.4
554-42-2417,2019-01-09,January,Afternoon,C,Naypyitaw,Normal,Female,Sports and travel,Cash,95.44,10,1002.1200,47.7200,5.2
692-27-8933,2019-02-24,February,Afternoon,B,Mandalay,Normal,Female,Sports and travel,Cash,57.95,6,365.0850,17.3850,5.2
286-01-5402,2019-03-30,March,Afternoon,A,Yangon,Normal,Female,Sports and travel,Cash,40.23,7,295.6905,14.0805,9.6
226-71-3580,2019-01-31,January,Afternoon,C,Naypyitaw,Normal,Female,Sports and travel,Cash,23.75,9,224.4375,10.6875,9.5
490-29-1201,2019-01-06,January,Morning,A,Yangon,Normal,Female,Sports and travel,Cash,15.34,1,16.1070,0.7670,6.5
560-30-5617,2019-03-24,March,Evening,B,Mandalay,Normal,Female,Sports and travel,Cash,24.77,5,130.0425,6.1925,8.5
400-89-4171,2019-01-28,January,Afternoon,C,Naypyitaw,Normal,Female,Sports and travel,Cash,80.97,8,680.1480,32.3880,9.3
695-51-0018,2019-02-10,February,Evening,B,Mandalay,Normal,Female,Sports and travel,Cash,34.84,4,146.3280,6.9680,7.4
870-54-3162,2019-01-27,January,Afternoon,A,Yangon,Normal,Female,Sports and travel,Cash,32.25,5,169.3125,8.0625,9.0
200-40-6154,2019-02-09,February,Morning,B,Mandalay,Member,Male,Home and lifestyle,Cash,65.91,6,415.2330,19.7730,5.7
648-83-1321,2019-01-16,January,Evening,A,Yangon,Member,Male,Home and lifestyle,Cash,63.56,10,667.3800,31.7800,4.3
742-04-5161,2019-02-03,February,Evening,A,Yangon,Member,Male,Home and lifestyle,Cash,72.78,10,764.1900,36.3900,7.3
305-18-3552,2019-02-12,February,Afternoon,B,Mandalay,Member,Male,Home and lifestyle,Cash,60.38,10,633.9900,30.1900,6.0
468-88-0009,2019-03-24,March,Morning,A,Yangon,Member,Male,Home and lifestyle,Cash,65.94,4,276.9480,13.1880,6.0
565-67-6697,2019-03-02,March,Afternoon,B,Mandalay,Member,Male,Home and lifestyle,Cash,27.00,9,255.1500,12.1500,4.8
307-83-9164,2019-01-25,January,Afternoon,A,Yangon,Member,Male,Home and lifestyle,Cash,60.01,4,252.0420,12.0020,4.5
593-95-4461,2019-03-24,March,Afternoon,C,Naypyitaw,Member,Male,Home and lifestyle,Cash,74.86,1,78.6030,3.7430,6.9
704-11-6354,2019-01-06,January,Morning,A,Yangon,Member,Male,Home and lifestyle,Cash,58.90,8,494.7600,23.5600,8.9
530-90-9855,2019-01-01,January,Afternoon,A,Yangon,Member,Male,Home and lifestyle,Cash,47.59,8,399.7560,19.0360,5.7
217-58-1179,2019-01-05,January,Morning,A,Yangon,Member,Male,Home and lifestyle,Cash,62.65,4,263.1300,12.5300,4.2
732-04-5373,2019-02-08,February,Morning,B,Mandalay,Member,Male,Home and lifestyle,Cash,46.47,4,195.1740,9.2940,7.0
106-35-6779,2019-03-27,March,Morning,A,Yangon,Member,Male,Home and lifestyle,Cash,44.34,2,93.1140,4.4340,5.8
554-53-8700,2019-02-02,February,Morning,C,Naypyitaw,Member,Male,Home and lifestyle,Cash,56.11,2,117.8310,5.6110,6.3
777-82-7220,2019-03-03,March,Afternoon,B,Mandalay,Member,Male,Home and lifestyle,Cash,30.12,8,253.0080,12.0480,7.7
347-56-2442,2019-02-22,February,Afternoon,A,Yangon,Normal,Male,Home and lifestyle,Cash,65.82,1,69.1110,3.2910,4.1
531-56-4728,2019-02-11,February,Afternoon,A,Yangon,Normal,Male,Home and lifestyle,Cash,80.08,3,252.2520,12.0120,5.4
733-29-1227,2019-03-23,March,Afternoon,C,Naypyitaw,Normal,Male,Home and lifestyle,Cash,55.61,7,408.7335,19.4635,8.5
805-86-0265,2019-03-20,March,Morning,A,Yangon,Normal,Male,Home and lifestyle,Cash,93.96,9,887.9220,42.2820,9.8
830-58-2383,2019-02-08,February,Afternoon,B,Mandalay,Normal,Male,Home and lifestyle,Cash,31.75,4,133.3500,6.3500,8.6
556-72-8512,2019-01-30,January,Evening,C,Naypyitaw,Normal,Male,Home and lifestyle,Cash,22.96,1,24.1080,1.1480,4.3
760-54-1821,2019-03-15,March,Morning,B,Mandalay,Normal,Male,Home and lifestyle,Cash,13.59,9,128.4255,6.1155,5.8
462-67-9126,2019-01-21,January,Evening,A,Yangon,Normal,Male,Home and lifestyle,Cash,73.22,6,461.2860,21.9660,7.2
868-81-1752,2019-02-07,February,Evening,B,Mandalay,Normal,Male,Home and lifestyle,Cash,22.02,9,208.0890,9.9090,6.8
290-68-2984,2019-03-16,March,Morning,A,Yangon,Normal,Male,Home and lifestyle,Cash,23.75,4,99.7500,4.7500,5.2
234-65-2137,2019-01-16,January,Afternoon,C,Naypyitaw,Normal,Male,Home and lifestyle,Cash,95.58,10,1003.5900,47.7900,4.8
733-01-9107,2019-03-05,March,Evening,B,Mandalay,Normal,Male,Home and lifestyle,Cash,82.70,6,521.0100,24.8100,7.4
118-62-1812,2019-03-24,March,Evening,C,Naypyitaw,Member,Female,Home and lifestyle,Cash,78.38,4,329.1960,15.6760,7.9
748-45-2862,2019-03-07,March,Evening,A,Yangon,Member,Female,Home and lifestyle,Cash,28.31,4,118.9020,5.6620,8.2
443-60-9639,2019-01-24,January,Afternoon,C,Naypyitaw,Member,Female,Home and lifestyle,Cash,60.87,1,63.9135,3.0435,5.5
299-29-0180,2019-03-09,March,Morning,B,Mandalay,Member,Female,Home and lifestyle,Cash,52.18,7,383.5230,18.2630,9.3
640-48-5028,2019-03-02,March,Afternoon,B,Mandalay,Member,Female,Home and lifestyle,Cash,88.39,9,835.2855,39.7755,6.3
800-09-8606,2019-01-29,January,Evening,A,Yangon,Member,Female,Home and lifestyle,Cash,87.37,5,458.6925,21.8425,6.6
451-28-5717,2019-03-20,March,Morning,C,Naypyitaw,Member,Female,Home and lifestyle,Cash,83.17,6,523.9710,24.9510,7.3
725-96-3778,2019-01-20,January,Morning,C,Naypyitaw,Member,Female,Home and lifestyle,Cash,89.25,8,749.7000,35.7000,4.7
803-17-8013,2019-02-17,February,Evening,A,Yangon,Member,Female,Home and lifestyle,Cash,88.79,8,745.8360,35.5160,4.1
779-06-0012,2019-01-19,January,Morning,C,Naypyitaw,Member,Female,Home and lifestyle,Cash,88.61,1,93.0405,4.4305,7.7
430-60-3493,2019-02-03,February,Afternoon,A,Yangon,Member,Female,Home and lifestyle,Cash,94.88,7,697.3680,33.2080,4.2
526-86-8552,2019-01-07,January,Evening,C,Naypyitaw,Member,Female,Home and lifestyle,Cash,21.82,10,229.1100,10.9100,7.1
354-39-5160,2019-02-18,February,Afternoon,A,Yangon,Member,Female,Home and lifestyle,Cash,34.42,6,216.8460,10.3260,9.8
565-80-5980,2019-01-23,January,Morning,C,Naypyitaw,Member,Female,Home and lifestyle,Cash,47.38,4,198.9960,9.4760,7.1
817-48-8732,2019-01-20,January,Afternoon,A,Yangon,Member,Female,Home and lifestyle,Cash,72.35,10,759.6750,36.1750,5.4
867-47-1948,2019-01-09,January,Afternoon,C,Naypyitaw,Normal,Female,Home and lifestyle,Cash,15.80,10,165.9000,7.9000,7.8
181-82-6255,2019-02-08,February,Morning,B,Mandalay,Normal,Female,Home and lifestyle,Cash,16.37,6,103.1310,4.9110,7.0
453-33-6436,2019-02-07,February,Morning,A,Yangon,Normal,Female,Home and lifestyle,Cash,93.12,8,782.2080,37.2480,6.8
533-66-5566,2019-01-12,January,Morning,B,Mandalay,Normal,Female,Home and lifestyle,Cash,51.07,7,375.3645,17.8745,7.0
220-68-6701,2019-03-17,March,Afternoon,A,Yangon,Normal,Female,Home and lifestyle,Cash,77.47,4,325.3740,15.4940,4.2
468-99-7231,2019-03-03,March,Evening,C,Naypyitaw,Normal,Female,Home and lifestyle,Cash,44.01,8,369.6840,17.6040,8.8
886-54-6089,2019-01-15,January,Evening,A,Yangon,Normal,Female,Home and lifestyle,Cash,11.43,6,72.0090,3.4290,7.7
406-46-7107,2019-01-11,January,Morning,A,Yangon,Normal,Female,Home and lifestyle,Cash,96.52,6,608.0760,28.9560,4.5
633-91-1052,2019-01-27,January,Afternoon,A,Yangon,Normal,Female,Home and lifestyle,Cash,12.03,2,25.2630,1.2030,5.1
364-34-2972,2019-03-30,March,Evening,C,Naypyitaw,Member,Male,Electronic accessories,Cash,96.82,3,304.9830,14.5230,6.7
324-92-3863,2019-02-05,February,Evening,A,Yangon,Member,Male,Electronic accessories,Cash,20.89,2,43.8690,2.0890,9.8
608-05-3804,2019-02-25,February,Evening,B,Mandalay,Member,Male,Electronic accessories,Cash,39.75,1,41.7375,1.9875,6.1
134-75-2619,2019-03-25,March,Evening,A,Yangon,Member,Male,Electronic accessories,Cash,19.32,7,142.0020,6.7620,6.9
187-83-5490,2019-01-31,January,Afternoon,A,Yangon,Member,Male,Electronic accessories,Cash,20.77,4,87.2340,4.1540,4.7
346-12-3257,2019-03-04,March,Afternoon,B,Mandalay,Member,Male,Electronic accessories,Cash,19.24,9,181.8180,8.6580,8.0
441-94-7118,2019-02-04,February,Afternoon,A,Yangon,Member,Male,Electronic accessories,Cash,71.95,1,75.5475,3.5975,7.3
340-66-0321,2019-03-25,March,Afternoon,A,Yangon,Member,Male,Electronic accessories,Cash,36.36,4,152.7120,7.2720,7.6
603-07-0961,2019-01-10,January,Morning,C,Naypyitaw,Member,Male,Electronic accessories,Cash,74.79,5,392.6475,18.6975,4.9
279-74-2924,2019-01-04,January,Evening,B,Mandalay,Member,Male,Electronic accessories,Cash,72.17,1,75.7785,3.6085,6.1
861-77-0145,2019-03-03,March,Afternoon,C,Naypyitaw,Member,Male,Electronic accessories,Cash,81.97,10,860.6850,40.9850,9.2
529-56-3974,2019-03-09,March,Evening,B,Mandalay,Member,Male,Electronic accessories,Cash,25.51,4,107.1420,5.1020,6.8
189-40-5216,2019-01-09,January,Morning,C,Naypyitaw,Normal,Male,Electronic accessories,Cash,96.37,7,708.3195,33.7295,6.0
452-04-8808,2019-01-26,January,Afternoon,B,Mandalay,Normal,Male,Electronic accessories,Cash,87.08,7,640.0380,30.4780,5.5
430-02-3888,2019-02-07,February,Afternoon,B,Mandalay,Normal,Male,Electronic accessories,Cash,46.02,6,289.9260,13.8060,7.1
715-20-1673,2019-03-06,March,Evening,B,Mandalay,Normal,Male,Electronic accessories,Cash,28.38,5,148.9950,7.0950,9.4
291-59-1384,2019-02-28,February,Evening,B,Mandalay,Normal,Male,Electronic accessories,Cash,60.30,1,63.3150,3.0150,6.0
660-29-7083,2019-01-15,January,Afternoon,C,Naypyitaw,Normal,Male,Electronic accessories,Cash,55.87,10,586.6350,27.9350,5.8
237-44-6163,2019-01-24,January,Evening,A,Yangon,Normal,Male,Electronic accessories,Cash,10.56,8,88.7040,4.2240,7.6
538-22-0304,2019-03-24,March,Evening,C,Naypyitaw,Normal,Male,Electronic accessories,Cash,64.95,10,681.9750,32.4750,5.2
674-56-6360,2019-03-22,March,Afternoon,A,Yangon,Normal,Male,Electronic accessories,Cash,95.15,1,99.9075,4.7575,6.0
740-11-5257,2019-02-24,February,Afternoon,C,Naypyitaw,Normal,Male,Electronic accessories,Cash,24.74,10,259.7700,12.3700,7.1
174-75-0888,2019-03-14,March,Afternoon,B,Mandalay,Normal,Male,Electronic accessories,Cash,21.58,9,203.9310,9.7110,7.3
189-52-0236,2019-03-14,March,Afternoon,A,Yangon,Normal,Male,Electronic accessories,Cash,99.55,7,731.6925,34.8425,7.6
533-33-5337,2019-02-07,February,Evening,B,Mandalay,Normal,Male,Electronic accessories,Cash,79.39,10,833.5950,39.6950,6.2
744-09-5786,2019-01-02,January,Evening,B,Mandalay,Normal,Male,Electronic accessories,Cash,22.01,6,138.6630,6.6030,7.6
834-61-8124,2019-01-26,January,Evening,A,Yangon,Normal,Male,Electronic accessories,Cash,51.69,7,379.9215,18.0915,5.5
531-80-1784,2019-03-28,March,Evening,A,Yangon,Normal,Male,Electronic accessories,Cash,26.02,7,191.2470,9.1070,5.1
727-75-6477,2019-03-29,March,Afternoon,C,Naypyitaw,Normal,Male,Electronic accessories,Cash,28.84,4,121.1280,5.7680,6.4
389-25-3394,2019-02-17,February,Evening,C,Naypyitaw,Normal,Male,Electronic accessories,Cash,11.81,5,62.0025,2.9525,9.4
426-39-2418,2019-01-14,January,Morning,C,Naypyitaw,Normal,Male,Electronic accessories,Cash,61.41,7,451.3635,21.4935,9.8
733-33-4967,2019-03-03,March,Evening,C,Naypyitaw,Normal,Male,Electronic accessories,Cash,20.85,8,175.1400,8.3400,6.3
120-06-4233,2019-03-12,March,Evening,C,Naypyitaw,Normal,Male,Electronic accessories,Cash,30.61,6,192.8430,9.1830,9.3
544-55-9589,2019-01-28,January,Morning,B,Mandalay,Member,Female,Electronic accessories,Cash,21.43,10,225.0150,10.7150,6.2
124-31-1458,2019-01-08,January,Afternoon,A,Yangon,Member,Female,Electronic accessories,Cash,79.59,3,250.7085,11.9385,6.6
778-34-2523,2019-01-24,January,Morning,A,Yangon,Member,Female,Electronic accessories,Cash,48.62,8,408.4080,19.4480,5.0
831-81-6575,2019-02-23,February,Morning,B,Mandalay,Member,Female,Electronic accessories,Cash,75.59,9,714.3255,34.0155,8.0
528-87-5606,2019-02-12,February,Evening,B,Mandalay,Member,Female,Electronic accessories,Cash,39.48,1,41.4540,1.9740,6.5
676-39-6028,2019-03-30,March,Evening,A,Yangon,Member,Female,Electronic accessories,Cash,64.44,5,338.3100,16.1100,6.6
233-34-0817,2019-02-15,February,Morning,C,Naypyitaw,Member,Female,Electronic accessories,Cash,98.84,1,103.7820,4.9420,8.4
325-90-8763,2019-01-27,January,Afternoon,C,Naypyitaw,Member,Female,Electronic accessories,Cash,46.57,10,488.9850,23.2850,7.6
745-71-3520,2019-02-04,February,Morning,A,Yangon,Member,Female,Electronic accessories,Cash,25.22,7,185.3670,8.8270,8.2
201-86-2184,2019-02-02,February,Evening,B,Mandalay,Member,Female,Electronic accessories,Cash,26.26,7,193.0110,9.1910,9.9
227-07-4446,2019-02-10,February,Evening,C,Naypyitaw,Member,Female,Electronic accessories,Cash,78.13,10,820.3650,39.0650,4.4
211-05-0490,2019-03-03,March,Afternoon,C,Naypyitaw,Member,Female,Electronic accessories,Cash,51.92,5,272.5800,12.9800,7.5
278-97-7759,2019-02-18,February,Evening,A,Yangon,Member,Female,Electronic accessories,Cash,62.48,1,65.6040,3.1240,4.7
866-05-7563,2019-02-09,February,Evening,B,Mandalay,Member,Female,Electronic accessories,Cash,81.40,3,256.4100,12.2100,4.8
346-84-3103,2019-03-02,March,Evening,B,Mandalay,Member,Female,Electronic accessories,Cash,13.22,5,69.4050,3.3050,4.3
466-61-5506,2019-02-26,February,Morning,B,Mandalay,Member,Female,Electronic accessories,Cash,90.70,6,571.4100,27.2100,5.3
319-74-2561,2019-02-21,February,Afternoon,A,Yangon,Member,Female,Electronic accessories,Cash,94.64,3,298.1160,14.1960,5.5
542-41-0513,2019-03-15,March,Morning,B,Mandalay,Member,Female,Electronic accessories,Cash,57.49,4,241.4580,11.4980,6.6
132-32-9879,2019-03-09,March,Evening,B,Mandalay,Member,Female,Electronic accessories,Cash,93.96,4,394.6320,18.7920,9.5
717-96-4189,2019-02-02,February,Afternoon,C,Naypyitaw,Normal,Female,Electronic accessories,Cash,35.49,6,223.5870,10.6470,4.1
114-35-5271,2019-02-07,February,Afternoon,B,Mandalay,Normal,Female,Electronic accessories,Cash,57.91,8,486.4440,23.1640,8.1
257-60-7754,2019-01-08,January,Evening,A,Yangon,Normal,Female,Electronic accessories,Cash,50.23,4,210.9660,10.0460,9.0
711-31-1234,2019-03-16,March,Evening,B,Mandalay,Normal,Female,Electronic accessories,Cash,95.64,4,401.6880,19.1280,7.9
318-81-2368,2019-03-19,March,Afternoon,C,Naypyitaw,Normal,Female,Electronic accessories,Cash,46.20,1,48.5100,2.3100,6.3
213-32-1216,2019-01-23,January,Morning,A,Yangon,Normal,Female,Electronic accessories,Cash,66.06,6,416.1780,19.8180,7.3
556-97-7101,2019-01-01,January,Afternoon,C,Naypyitaw,Normal,Female,Electronic accessories,Cash,63.22,2,132.7620,6.3220,8.5
246-11-3901,2019-02-15,February,Afternoon,C,Naypyitaw,Normal,Female,Electronic accessories,Cash,32.80,10,344.4000,16.4000,6.2
891-01-7034,2019-01-01,January,Evening,B,Mandalay,Normal,Female,Electronic accessories,Cash,74.71,6,470.6730,22.4130,6.7
740-22-2500,2019-01-23,January,Afternoon,C,Naypyitaw,Normal,Female,Electronic accessories,Cash,84.05,3,264.7575,12.6075,9.8
462-78-5240,2019-03-19,March,Afternoon,C,Naypyitaw,Normal,Female,Electronic accessories,Cash,26.61,2,55.8810,2.6610,4.2
122-61-9553,2019-03-14,March,Evening,C,Naypyitaw,Normal,Female,Electronic accessories,Cash,51.32,9,484.9740,23.0940,5.6
320-49-6392,2019-03-04,March,Afternoon,C,Naypyitaw,Normal,Female,Electronic accessories,Cash,30.24,1,31.7520,1.5120,8.4
396-90-2219,2019-02-23,February,Afternoon,B,Mandalay,Normal,Female,Electronic accessories,Cash,14.96,8,125.6640,5.9840,8.6
551-21-3069,2019-02-01,February,Morning,C,Naypyitaw,Normal,Female,Electronic accessories,Cash,23.07,9,218.0115,10.3815,4.9
871-39-9221,2019-02-09,February,Afternoon,C,Naypyitaw,Normal,Female,Electronic accessories,Cash,12.45,6,78.4350,3.7350,4.1
841-35-6630,2019-03-09,March,Evening,C,Naypyitaw,Normal,Female,Electronic accessories,Cash,75.91,6,478.2330,22.7730,8.7
399-46-5918,2019-02-28,February,Evening,C,Naypyitaw,Normal,Female,Electronic accessories,Cash,85.98,8,722.2320,34.3920,8.2
226-31-3081,2019-03-08,March,Morning,C,Naypyitaw,Normal,Female,Electronic accessories,Cash,15.28,5,80.2200,3.8200,9.6
333-23-2632,2019-03-28,March,Evening,A,Yangon,Member,Male,Health and beauty,Cash,10.08,7,74.0880,3.5280,4.2
725-54-0677,2019-03-02,March,Afternoon,C,Naypyitaw,Member,Male,Health and beauty,Cash,85.60,7,629.1600,29.9600,5.3
314-23-4520,2019-01-15,January,Evening,C,Naypyitaw,Member,Male,Health and beauty,Cash,81.23,7,597.0405,28.4305,9.0
729-06-2010,2019-01-06,January,Morning,B,Mandalay,Member,Male,Health and beauty,Cash,80.47,9,760.4415,36.2115,9.2
689-05-1884,2019-03-04,March,Afternoon,A,Yangon,Member,Male,Health and beauty,Cash,48.63,10,510.6150,24.3150,8.8
628-90-8624,2019-03-14,March,Afternoon,B,Mandalay,Member,Male,Health and beauty,Cash,82.58,10,867.0900,41.2900,5.0
291-21-5991,2019-03-29,March,Afternoon,B,Mandalay,Member,Male,Health and beauty,Cash,61.29,5,321.7725,15.3225,7.0
731-59-7531,2019-03-30,March,Evening,B,Mandalay,Member,Male,Health and beauty,Cash,72.57,8,609.5880,29.0280,4.6
269-10-8440,2019-01-21,January,Evening,A,Yangon,Member,Male,Health and beauty,Cash,53.17,7,390.7995,18.6095,8.9
132-23-6451,2019-01-04,January,Afternoon,A,Yangon,Member,Male,Health and beauty,Cash,20.97,5,110.0925,5.2425,7.8
848-24-9445,2019-03-26,March,Evening,C,Naypyitaw,Member,Male,Health and beauty,Cash,43.70,2,91.7700,4.3700,4.9
280-17-4359,2019-01-25,January,Afternoon,C,Naypyitaw,Member,Male,Health and beauty,Cash,90.50,10,950.2500,45.2500,8.1
877-22-3308,2019-03-13,March,Afternoon,A,Yangon,Member,Male,Health and beauty,Cash,15.87,10,166.6350,7.9350,5.8
853-23-2453,2019-02-14,February,Afternoon,B,Mandalay,Member,Male,Health and beauty,Cash,75.74,4,318.1080,15.1480,7.6
617-15-4209,2019-03-16,March,Evening,C,Naypyitaw,Member,Male,Health and beauty,Cash,15.37,2,32.2770,1.5370,7.2
148-41-7930,2019-01-23,January,Morning,C,Naypyitaw,Normal,Male,Health and beauty,Cash,99.96,7,734.7060,34.9860,6.1
809-46-1866,2019-01-23,January,Evening,A,Yangon,Normal,Male,Health and beauty,Cash,58.15,4,244.2300,11.6300,8.4
234-36-2483,2019-02-15,February,Afternoon,B,Mandalay,Normal,Male,Health and beauty,Cash,57.59,6,362.8170,17.2770,5.1
636-17-0325,2019-02-25,February,Evening,B,Mandalay,Normal,Male,Health and beauty,Cash,62.57,4,262.7940,12.5140,9.5
629-42-4133,2019-02-19,February,Evening,C,Naypyitaw,Normal,Male,Health and beauty,Cash,21.80,8,183.1200,8.7200,8.3
186-79-9562,2019-03-29,March,Afternoon,B,Mandalay,Normal,Male,Health and beauty,Cash,71.77,7,527.5095,25.1195,8.9
778-89-7974,2019-03-30,March,Afternoon,C,Naypyitaw,Normal,Male,Health and beauty,Cash,70.21,6,442.3230,21.0630,7.4
227-50-3718,2019-03-04,March,Afternoon,A,Yangon,Normal,Male,Health and beauty,Cash,14.62,5,76.7550,3.6550,4.4
133-14-7229,2019-01-01,January,Morning,C,Naypyitaw,Normal,Male,Health and beauty,Cash,62.87,2,132.0270,6.2870,5.0
498-41-1961,2019-02-20,February,Evening,B,Mandalay,Normal,Male,Health and beauty,Cash,66.68,5,350.0700,16.6700,7.6
716-39-1409,2019-03-19,March,Evening,B,Mandalay,Normal,Male,Health and beauty,Cash,30.35,7,223.0725,10.6225,8.0
848-62-7243,2019-03-15,March,Afternoon,A,Yangon,Normal,Male,Health and beauty,Cash,24.89,9,235.2105,11.2005,7.4
131-70-8179,2019-02-17,February,Afternoon,A,Yangon,Member,Female,Health and beauty,Cash,92.09,3,290.0835,13.8135,4.2
149-14-0304,2019-02-06,February,Afternoon,C,Naypyitaw,Member,Female,Health and beauty,Cash,28.50,8,239.4000,11.4000,6.6
443-82-0585,2019-02-01,February,Evening,A,Yangon,Member,Female,Health and beauty,Cash,77.68,4,326.2560,15.5360,8.4
873-95-4984,2019-02-15,February,Evening,B,Mandalay,Member,Female,Health and beauty,Cash,76.90,7,565.2150,26.9150,7.7
423-64-4619,2019-03-07,March,Afternoon,A,Yangon,Member,Female,Health and beauty,Cash,15.55,9,146.9475,6.9975,5.0
565-17-3836,2019-03-12,March,Afternoon,A,Yangon,Member,Female,Health and beauty,Cash,47.67,4,200.2140,9.5340,9.1
687-15-1097,2019-01-03,January,Evening,C,Naypyitaw,Member,Female,Health and beauty,Cash,21.12,2,44.3520,2.1120,9.7
338-65-2210,2019-02-05,February,Evening,C,Naypyitaw,Member,Female,Health and beauty,Cash,68.60,10,720.3000,34.3000,9.1
382-03-4532,2019-02-02,February,Evening,A,Yangon,Member,Female,Health and beauty,Cash,18.33,1,19.2465,0.9165,4.3
605-03-2706,2019-03-25,March,Evening,A,Yangon,Normal,Female,Health and beauty,Cash,15.80,3,49.7700,2.3700,9.5
389-70-2397,2019-02-21,February,Morning,C,Naypyitaw,Normal,Female,Health and beauty,Cash,83.66,5,439.2150,20.9150,7.2
276-75-6884,2019-03-04,March,Morning,A,Yangon,Normal,Female,Health and beauty,Cash,68.71,3,216.4365,10.3065,8.7
559-61-5987,2019-01-14,January,Morning,B,Mandalay,Normal,Female,Health and beauty,Cash,17.75,1,18.6375,0.8875,8.6
563-47-4072,2019-01-22,January,Morning,B,Mandalay,Normal,Female,Health and beauty,Cash,55.81,6,351.6030,16.7430,9.9
797-88-0493,2019-03-26,March,Afternoon,A,Yangon,Normal,Female,Health and beauty,Cash,64.27,4,269.9340,12.8540,7.7
210-57-1719,2019-02-05,February,Afternoon,B,Mandalay,Normal,Female,Health and beauty,Cash,58.24,9,550.3680,26.2080,9.7
244-08-0162,2019-01-02,January,Afternoon,B,Mandalay,Normal,Female,Health and beauty,Cash,34.21,10,359.2050,17.1050,5.1
622-20-1945,2019-01-18,January,Afternoon,C,Naypyitaw,Normal,Female,Health and beauty,Cash,39.42,1,41.3910,1.9710,8.4
418-02-5978,2019-02-11,February,Morning,B,Mandalay,Normal,Female,Health and beauty,Cash,84.09,9,794.6505,37.8405,8.0
318-68-5053,2019-02-27,February,Evening,B,Mandalay,Normal,Female,Health and beauty,Cash,76.99,6,485.0370,23.0970,6.1
756-01-7507,2019-01-22,January,Evening,C,Naypyitaw,Normal,Female,Health and beauty,Cash,20.38,5,106.9950,5.0950,6.0
829-34-3910,2019-03-29,March,Evening,A,Yangon,Normal,Female,Health and beauty,Cash,71.38,10,749.4900,35.6900,5.7
883-69-1285,2019-03-06,March,Morning,B,Mandalay,Member,Male,Fashion accessories,Credit card,49.92,2,104.8320,4.9920,7.0
760-53-9233,2019-03-26,March,Evening,A,Yangon,Member,Male,Fashion accessories,Credit card,41.28,3,130.0320,6.1920,8.5
457-13-1708,2019-01-08,January,Evening,B,Mandalay,Member,Male,Fashion accessories,Credit card,65.23,10,684.9150,32.6150,5.2
491-38-3499,2019-02-26,February,Evening,A,Yangon,Member,Male,Fashion accessories,Credit card,55.45,1,58.2225,2.7725,4.9
133-77-3154,2019-02-16,February,Evening,B,Mandalay,Member,Male,Fashion accessories,Credit card,60.18,4,252.7560,12.0360,9.4
435-13-4908,2019-01-24,January,Evening,A,Yangon,Member,Male,Fashion accessories,Credit card,86.68,8,728.1120,34.6720,7.2
405-31-3305,2019-02-02,February,Evening,A,Yangon,Member,Male,Fashion accessories,Credit card,43.13,10,452.8650,21.5650,5.5
301-81-8610,2019-03-19,March,Evening,B,Mandalay,Member,Male,Fashion accessories,Credit card,25.42,8,213.5280,10.1680,6.7
662-47-5456,2019-03-17,March,Evening,C,Naypyitaw,Member,Male,Fashion accessories,Credit card,35.19,10,369.4950,17.5950,8.4
142-72-4741,2019-02-28,February,Evening,C,Naypyitaw,Member,Male,Fashion accessories,Credit card,93.20,2,195.7200,9.3200,6.0
263-10-3913,2019-01-09,January,Afternoon,C,Naypyitaw,Member,Male,Fashion accessories,Credit card,49.04,9,463.4280,22.0680,8.6
778-71-5554,2019-01-25,January,Afternoon,C,Naypyitaw,Member,Male,Fashion accessories,Credit card,15.43,1,16.2015,0.7715,6.1
651-96-5970,2019-03-03,March,Evening,A,Yangon,Normal,Male,Fashion accessories,Credit card,46.41,1,48.7305,2.3205,4.0
788-21-5741,2019-02-17,February,Afternoon,A,Yangon,Normal,Male,Fashion accessories,Credit card,45.38,3,142.9470,6.8070,7.2
286-62-6248,2019-01-16,January,Evening,B,Mandalay,Normal,Male,Fashion accessories,Credit card,39.21,4,164.6820,7.8420,9.0
453-12-7053,2019-03-10,March,Evening,C,Naypyitaw,Normal,Male,Fashion accessories,Credit card,45.74,3,144.0810,6.8610,6.5
616-87-0016,2019-03-09,March,Afternoon,B,Mandalay,Normal,Male,Fashion accessories,Credit card,95.54,7,702.2190,33.4390,9.6
286-75-7818,2019-01-31,January,Evening,B,Mandalay,Normal,Male,Fashion accessories,Credit card,69.08,2,145.0680,6.9080,6.9
446-47-6729,2019-01-02,January,Evening,C,Naypyitaw,Normal,Male,Fashion accessories,Credit card,99.82,2,209.6220,9.9820,6.7
687-47-8271,2019-02-08,February,Afternoon,A,Yangon,Normal,Male,Fashion accessories,Credit card,98.98,10,1039.2900,49.4900,8.7
746-94-0204,2019-01-29,January,Morning,A,Yangon,Normal,Male,Fashion accessories,Credit card,83.24,9,786.6180,37.4580,7.4
628-34-3388,2019-01-05,January,Evening,C,Naypyitaw,Normal,Male,Fashion accessories,Credit card,27.38,6,172.4940,8.2140,7.9
871-79-8483,2019-02-25,February,Evening,B,Mandalay,Normal,Male,Fashion accessories,Credit card,94.13,5,494.1825,23.5325,4.8
756-93-1854,2019-02-02,February,Afternoon,C,Naypyitaw,Member,Female,Fashion accessories,Credit card,83.35,2,175.0350,8.3350,9.5
607-76-6216,2019-03-02,March,Afternoon,C,Naypyitaw,Member,Female,Fashion accessories,Credit card,92.49,5,485.5725,23.1225,8.6
115-38-7388,2019-03-30,March,Afternoon,C,Naypyitaw,Member,Female,Fashion accessories,Credit card,10.18,8,85.5120,4.0720,9.5
307-04-2070,2019-02-05,February,Afternoon,A,Yangon,Member,Female,Fashion accessories,Credit card,30.62,1,32.1510,1.5310,4.1
247-11-2470,2019-03-01,March,Afternoon,A,Yangon,Member,Female,Fashion accessories,Credit card,22.32,4,93.7440,4.4640,4.4
821-14-9046,2019-01-18,January,Afternoon,B,Mandalay,Member,Female,Fashion accessories,Credit card,17.48,6,110.1240,5.2440,6.1
191-29-0321,2019-02-27,February,Evening,B,Mandalay,Member,Female,Fashion accessories,Credit card,19.77,10,207.5850,9.8850,5.0
725-67-2480,2019-03-24,March,Evening,B,Mandalay,Member,Female,Fashion accessories,Credit card,58.75,6,370.1250,17.6250,5.9
359-90-3665,2019-01-14,January,Evening,B,Mandalay,Member,Female,Fashion accessories,Credit card,18.08,4,75.9360,3.6160,9.5
339-18-7061,2019-02-13,February,Afternoon,C,Naypyitaw,Member,Female,Fashion accessories,Credit card,92.98,2,195.2580,9.2980,8.0
339-12-4827,2019-01-05,January,Morning,B,Mandalay,Member,Female,Fashion accessories,Credit card,73.96,1,77.6580,3.6980,5.0
510-09-5628,2019-03-15,March,Evening,A,Yangon,Member,Female,Fashion accessories,Credit card,19.66,10,206.4300,9.8300,7.2
271-88-8734,2019-02-08,February,Afternoon,C,Naypyitaw,Member,Female,Fashion accessories,Credit card,97.21,10,1020.7050,48.6050,8.7
115-99-4379,2019-03-14,March,Evening,B,Mandalay,Member,Female,Fashion accessories,Credit card,54.73,7,402.2655,19.1555,8.5
860-79-0874,2019-02-15,February,Afternoon,C,Naypyitaw,Member,Female,Fashion accessories,Credit card,99.30,10,1042.6500,49.6500,6.6
755-12-3214,2019-03-05,March,Evening,C,Naypyitaw,Member,Female,Fashion accessories,Credit card,44.22,5,232.1550,11.0550,8.6
608-96-3517,2019-03-23,March,Evening,B,Mandalay,Member,Female,Fashion accessories,Credit card,91.54,4,384.4680,18.3080,4.8
381-20-0914,2019-01-12,January,Afternoon,A,Yangon,Member,Female,Fashion accessories,Credit card,20.01,9,189.0945,9.0045,5.7
593-08-5916,2019-03-19,March,Afternoon,A,Yangon,Normal,Female,Fashion accessories,Credit card,15.50,1,16.2750,0.7750,7.4
801-88-0346,2019-01-05,January,Evening,C,Naypyitaw,Normal,Female,Fashion accessories,Credit card,76.06,3,239.5890,11.4090,9.8
652-43-6591,2019-03-09,March,Afternoon,A,Yangon,Normal,Female,Fashion accessories,Credit card,97.29,8,817.2360,38.9160,6.2
308-39-1707,2019-01-26,January,Evening,A,Yangon,Normal,Female,Fashion accessories,Credit card,12.09,1,12.6945,0.6045,8.2
852-62-7105,2019-01-12,January,Morning,B,Mandalay,Normal,Female,Fashion accessories,Credit card,83.25,10,874.1250,41.6250,4.4
881-41-7302,2019-01-26,January,Morning,C,Naypyitaw,Normal,Female,Fashion accessories,Credit card,64.99,1,68.2395,3.2495,4.5
241-11-2261,2019-01-10,January,Morning,B,Mandalay,Normal,Female,Fashion accessories,Credit card,79.86,7,586.9710,27.9510,5.5
308-81-0538,2019-02-25,February,Evening,A,Yangon,Normal,Female,Fashion accessories,Credit card,73.05,4,306.8100,14.6100,4.9
837-55-7229,2019-02-22,February,Evening,B,Mandalay,Normal,Female,Fashion accessories,Credit card,47.44,1,49.8120,2.3720,6.8
261-12-8671,2019-01-25,January,Evening,B,Mandalay,Normal,Female,Fashion accessories,Credit card,60.96,2,128.0160,6.0960,4.9
632-90-0281,2019-03-08,March,Evening,C,Naypyitaw,Normal,Female,Fashion accessories,Credit card,37.55,10,394.2750,18.7750,9.3
139-52-2867,2019-02-13,February,Morning,C,Naypyitaw,Normal,Female,Fashion accessories,Credit card,22.51,7,165.4485,7.8785,4.8
189-08-9157,2019-01-08,January,Afternoon,C,Naypyitaw,Normal,Female,Fashion accessories,Credit card,31.73,9,299.8485,14.2785,5.9
225-98-1496,2019-03-02,March,Afternoon,C,Naypyitaw,Normal,Female,Fashion accessories,Credit card,27.02,3,85.1130,4.0530,7.1
189-17-4241,2019-03-10,March,Afternoon,A,Yangon,Normal,Female,Fashion accessories,Credit card,87.67,2,184.1070,8.7670,7.7
873-14-6353,2019-02-16,February,Morning,A,Yangon,Member,Male,Food and beverages,Credit card,24.82,7,182.4270,8.6870,7.1
631-34-1880,2019-01-08,January,Evening,C,Naypyitaw,Member,Male,Food and beverages,Credit card,24.31,3,76.5765,3.6465,4.3
190-59-3964,2019-02-03,February,Afternoon,B,Mandalay,Member,Male,Food and beverages,Credit card,47.16,5,247.5900,11.7900,6.0
182-88-2763,2019-03-20,March,Evening,B,Mandalay,Member,Male,Food and beverages,Credit card,79.91,3,251.7165,11.9865,5.0
589-02-8023,2019-01-15,January,Morning,A,Yangon,Member,Male,Food and beverages,Credit card,83.77,2,175.9170,8.3770,7.0
828-46-6863,2019-01-23,January,Morning,A,Yangon,Member,Male,Food and beverages,Credit card,98.53,6,620.7390,29.5590,4.0
470-32-9057,2019-03-28,March,Afternoon,A,Yangon,Member,Male,Food and beverages,Credit card,51.34,5,269.5350,12.8350,9.1
235-46-8343,2019-02-14,February,Morning,C,Naypyitaw,Member,Male,Food and beverages,Credit card,27.66,10,290.4300,13.8300,8.9
612-36-5536,2019-02-17,February,Morning,A,Yangon,Member,Male,Food and beverages,Credit card,80.96,8,680.0640,32.3840,7.4
442-48-3607,2019-03-14,March,Morning,A,Yangon,Member,Male,Food and beverages,Credit card,23.48,2,49.3080,2.3480,7.9
175-54-2529,2019-03-03,March,Evening,A,Yangon,Member,Male,Food and beverages,Credit card,22.17,8,186.2280,8.8680,9.6
316-55-4634,2019-01-26,January,Afternoon,B,Mandalay,Member,Male,Food and beverages,Credit card,80.05,5,420.2625,20.0125,9.4
782-95-9291,2019-02-20,February,Afternoon,A,Yangon,Member,Male,Food and beverages,Credit card,92.29,5,484.5225,23.0725,9.0
633-44-8566,2019-03-27,March,Evening,A,Yangon,Member,Male,Food and beverages,Credit card,49.38,7,362.9430,17.2830,7.3
794-42-3736,2019-01-26,January,Afternoon,B,Mandalay,Normal,Male,Food and beverages,Credit card,33.33,2,69.9930,3.3330,6.4
176-64-7711,2019-03-27,March,Evening,B,Mandalay,Normal,Male,Food and beverages,Credit card,32.32,3,101.8080,4.8480,4.3
152-68-2907,2019-02-15,February,Afternoon,A,Yangon,Normal,Male,Food and beverages,Credit card,52.20,3,164.4300,7.8300,9.5
355-34-6244,2019-01-13,January,Evening,B,Mandalay,Normal,Male,Food and beverages,Credit card,72.39,2,152.0190,7.2390,8.1
866-99-7614,2019-02-11,February,Afternoon,C,Naypyitaw,Normal,Male,Food and beverages,Credit card,89.20,10,936.6000,44.6000,4.4
534-01-4457,2019-01-27,January,Afternoon,A,Yangon,Normal,Male,Food and beverages,Credit card,81.71,6,514.7730,24.5130,8.0
729-46-7422,2019-02-23,February,Afternoon,C,Naypyitaw,Normal,Male,Food and beverages,Credit card,35.89,1,37.6845,1.7945,7.9
732-67-5346,2019-01-11,January,Evening,A,Yangon,Normal,Male,Food and beverages,Credit card,13.79,5,72.3975,3.4475,7.8
596-42-3999,2019-03-10,March,Afternoon,B,Mandalay,Normal,Male,Food and beverages,Credit card,18.22,7,133.9170,6.3770,6.6
634-97-8956,2019-02-17,February,Evening,A,Yangon,Normal,Male,Food and beverages,Credit card,32.90,3,103.6350,4.9350,9.1
785-13-7708,2019-01-14,January,Evening,B,Mandalay,Normal,Male,Food and beverages,Credit card,73.06,7,536.9910,25.5710,4.2
540-11-4336,2019-01-11,January,Afternoon,A,Yangon,Normal,Male,Food and beverages,Credit card,24.94,9,235.6830,11.2230,5.6
548-46-9322,2019-02-20,February,Afternoon,B,Mandalay,Normal,Male,Food and beverages,Credit card,39.90,10,418.9500,19.9500,5.9
101-17-6199,2019-03-13,March,Evening,A,Yangon,Normal,Male,Food and beverages,Credit card,45.79,7,336.5565,16.0265,7.0
393-65-2792,2019-01-06,January,Afternoon,C,Naypyitaw,Normal,Male,Food and beverages,Credit card,89.48,10,939.5400,44.7400,9.6
329-62-1586,2019-01-21,January,Evening,A,Yangon,Normal,Male,Food and beverages,Credit card,54.67,3,172.2105,8.2005,8.6
746-04-1077,2019-01-01,January,Morning,B,Mandalay,Member,Female,Food and beverages,Credit card,84.63,10,888.6150,42.3150,9.0
313-66-9943,2019-03-27,March,Evening,B,Mandalay,Member,Female,Food and beverages,Credit card,29.15,3,91.8225,4.3725,7.3
549-23-9016,2019-02-13,February,Evening,C,Naypyitaw,Member,Female,Food and beverages,Credit card,14.87,2,31.2270,1.4870,8.9
842-40-8179,2019-02-11,February,Morning,B,Mandalay,Member,Female,Food and beverages,Credit card,77.20,10,810.6000,38.6000,5.6
641-51-2661,2019-02-12,February,Afternoon,C,Naypyitaw,Member,Female,Food and beverages,Credit card,87.10,10,914.5500,43.5500,9.9
131-15-8856,2019-03-30,March,Evening,C,Naypyitaw,Member,Female,Food and beverages,Credit card,72.52,8,609.1680,29.0080,4.0
544-32-5024,2019-03-28,March,Evening,C,Naypyitaw,Member,Female,Food and beverages,Credit card,49.79,4,209.1180,9.9580,6.4
827-44-5872,2019-02-07,February,Morning,B,Mandalay,Member,Female,Food and beverages,Credit card,54.36,10,570.7800,27.1800,6.1
234-03-4040,2019-03-03,March,Afternoon,B,Mandalay,Member,Female,Food and beverages,Credit card,73.05,10,767.0250,36.5250,8.7
710-46-4433,2019-02-15,February,Afternoon,B,Mandalay,Member,Female,Food and beverages,Credit card,77.40,9,731.4300,34.8300,4.5
650-98-6268,2019-03-20,March,Afternoon,B,Mandalay,Member,Female,Food and beverages,Credit card,20.87,3,65.7405,3.1305,8.0
889-04-9723,2019-01-07,January,Afternoon,B,Mandalay,Member,Female,Food and beverages,Credit card,89.14,4,374.3880,17.8280,7.8
374-17-3652,2019-02-05,February,Afternoon,B,Mandalay,Member,Female,Food and beverages,Credit card,42.82,9,404.6490,19.2690,8.9
870-76-1733,2019-02-01,February,Morning,A,Yangon,Member,Female,Food and beverages,Credit card,14.23,5,74.7075,3.5575,4.4
420-11-4919,2019-02-17,February,Evening,C,Naypyitaw,Member,Female,Food and beverages,Credit card,71.39,5,374.7975,17.8475,5.5
488-25-4221,2019-02-22,February,Morning,C,Naypyitaw,Member,Female,Food and beverages,Credit card,30.41,1,31.9305,1.5205,8.4
787-56-0757,2019-02-23,February,Evening,C,Naypyitaw,Member,Female,Food and beverages,Credit card,80.36,4,337.5120,16.0720,8.3
692-92-5582,2019-02-20,February,Afternoon,B,Mandalay,Member,Female,Food and beverages,Credit card,54.84,3,172.7460,8.2260,5.9
886-18-2897,2019-03-22,March,Evening,A,Yangon,Normal,Female,Food and beverages,Credit card,56.56,5,296.9400,14.1400,4.5
151-33-7434,2019-02-04,February,Evening,B,Mandalay,Normal,Female,Food and beverages,Credit card,67.77,1,71.1585,3.3885,6.5
120-54-2248,2019-01-22,January,Evening,B,Mandalay,Normal,Female,Food and beverages,Credit card,28.86,5,151.5150,7.2150,8.0
471-06-8611,2019-02-06,February,Morning,C,Naypyitaw,Normal,Female,Food and beverages,Credit card,52.42,1,55.0410,2.6210,6.3
585-86-8361,2019-02-03,February,Morning,A,Yangon,Normal,Female,Food and beverages,Credit card,27.28,5,143.2200,6.8200,8.6
420-97-3340,2019-03-28,March,Afternoon,A,Yangon,Normal,Female,Food and beverages,Credit card,71.68,3,225.7920,10.7520,9.2
698-98-5964,2019-01-17,January,Afternoon,A,Yangon,Normal,Female,Food and beverages,Credit card,81.21,10,852.7050,40.6050,6.3
841-18-8232,2019-01-05,January,Evening,B,Mandalay,Normal,Female,Food and beverages,Credit card,71.20,1,74.7600,3.5600,9.2
862-17-9201,2019-01-29,January,Morning,B,Mandalay,Normal,Female,Food and beverages,Credit card,84.05,6,529.5150,25.2150,7.7
110-05-6330,2019-03-25,March,Evening,C,Naypyitaw,Normal,Female,Food and beverages,Credit card,39.43,6,248.4090,11.8290,9.4
283-79-9594,2019-01-25,January,Afternoon,B,Mandalay,Normal,Female,Food and beverages,Credit card,48.51,7,356.5485,16.9785,5.2
790-29-1172,2019-03-10,March,Evening,B,Mandalay,Normal,Female,Food and beverages,Credit card,57.34,3,180.6210,8.6010,7.9
894-41-5205,2019-01-19,January,Evening,C,Naypyitaw,Normal,Female,Food and beverages,Credit card,43.18,8,362.7120,17.2720,8.3
321-49-7382,2019-02-15,February,Evening,B,Mandalay,Member,Male,Sports and travel,Credit card,88.31,1,92.7255,4.4155,5.2
722-13-2115,2019-03-14,March,Afternoon,C,Naypyitaw,Member,Male,Sports and travel,Credit card,42.85,1,44.9925,2.1425,9.3
311-13-6971,2019-02-20,February,Afternoon,B,Mandalay,Member,Male,Sports and travel,Credit card,31.99,10,335.8950,15.9950,9.9
361-59-0574,2019-03-15,March,Afternoon,B,Mandalay,Member,Male,Sports and travel,Credit card,90.53,8,760.4520,36.2120,6.5
842-29-4695,2019-01-16,January,Afternoon,C,Naypyitaw,Member,Male,Sports and travel,Credit card,17.14,7,125.9790,5.9990,7.9
284-54-4231,2019-01-19,January,Afternoon,C,Naypyitaw,Member,Male,Sports and travel,Credit card,80.93,1,84.9765,4.0465,9.0
600-38-9738,2019-01-17,January,Afternoon,C,Naypyitaw,Member,Male,Sports and travel,Credit card,71.92,5,377.5800,17.9800,4.3
503-07-0930,2019-02-23,February,Evening,C,Naypyitaw,Member,Male,Sports and travel,Credit card,58.39,7,429.1665,20.4365,8.2
277-63-2961,2019-02-03,February,Afternoon,B,Mandalay,Member,Male,Sports and travel,Credit card,73.97,1,77.6685,3.6985,5.4
882-40-4577,2019-01-19,January,Afternoon,A,Yangon,Member,Male,Sports and travel,Credit card,67.26,4,282.4920,13.4520,8.0
289-15-7034,2019-01-11,January,Morning,A,Yangon,Member,Male,Sports and travel,Credit card,82.33,4,345.7860,16.4660,7.5
828-61-5674,2019-03-20,March,Evening,A,Yangon,Member,Male,Sports and travel,Credit card,44.02,10,462.2100,22.0100,9.6
105-31-1824,2019-02-01,February,Afternoon,A,Yangon,Member,Male,Sports and travel,Credit card,69.52,7,510.9720,24.3320,8.5
584-86-7256,2019-03-11,March,Afternoon,C,Naypyitaw,Member,Male,Sports and travel,Credit card,34.56,7,254.0160,12.0960,7.3
219-22-9386,2019-03-09,March,Evening,B,Mandalay,Member,Male,Sports and travel,Credit card,99.96,9,944.6220,44.9820,4.2
659-36-1684,2019-01-12,January,Afternoon,C,Naypyitaw,Member,Male,Sports and travel,Credit card,57.12,7,419.8320,19.9920,6.5
199-75-8169,2019-03-06,March,Afternoon,A,Yangon,Member,Male,Sports and travel,Credit card,15.81,10,166.0050,7.9050,8.6
670-71-7306,2019-01-02,January,Evening,B,Mandalay,Normal,Male,Sports and travel,Credit card,44.63,6,281.1690,13.3890,5.1
174-64-0215,2019-03-05,March,Evening,B,Mandalay,Normal,Male,Sports and travel,Credit card,69.74,10,732.2700,34.8700,8.9
149-61-1929,2019-01-19,January,Afternoon,A,Yangon,Normal,Male,Sports and travel,Credit card,64.19,10,673.9950,32.0950,6.7
550-84-8664,2019-03-22,March,Afternoon,A,Yangon,Normal,Male,Sports and travel,Credit card,85.91,5,451.0275,21.4775,8.6
541-48-8554,2019-01-07,January,Afternoon,A,Yangon,Normal,Male,Sports and travel,Credit card,60.95,9,575.9775,27.4275,6.0
511-54-3087,2019-02-25,February,Afternoon,B,Mandalay,Normal,Male,Sports and travel,Credit card,88.45,1,92.8725,4.4225,9.5
656-16-1063,2019-01-04,January,Afternoon,B,Mandalay,Normal,Male,Sports and travel,Credit card,46.42,3,146.2230,6.9630,4.4
765-26-6951,2019-01-01,January,Morning,A,Yangon,Normal,Male,Sports and travel,Credit card,72.61,6,457.4430,21.7830,6.9
860-73-6466,2019-03-02,March,Afternoon,A,Yangon,Member,Female,Sports and travel,Credit card,39.47,2,82.8870,3.9470,5.0
569-76-2760,2019-01-29,January,Evening,A,Yangon,Member,Female,Sports and travel,Credit card,22.01,4,92.4420,4.4020,6.6
109-86-4363,2019-02-14,February,Morning,B,Mandalay,Member,Female,Sports and travel,Credit card,60.08,7,441.5880,21.0280,4.5
815-04-6282,2019-02-08,February,Afternoon,C,Naypyitaw,Member,Female,Sports and travel,Credit card,64.97,5,341.0925,16.2425,6.5
345-68-9016,2019-01-02,January,Afternoon,C,Naypyitaw,Member,Female,Sports and travel,Credit card,31.67,8,266.0280,12.6680,5.6
767-97-4650,2019-01-08,January,Morning,B,Mandalay,Member,Female,Sports and travel,Credit card,64.83,2,136.1430,6.4830,8.0
752-23-3760,2019-02-19,February,Evening,B,Mandalay,Member,Female,Sports and travel,Credit card,64.08,7,470.9880,22.4280,7.3
173-50-1108,2019-02-13,February,Afternoon,B,Mandalay,Member,Female,Sports and travel,Credit card,20.18,4,84.7560,4.0360,5.0
347-72-6115,2019-01-16,January,Evening,B,Mandalay,Member,Female,Sports and travel,Credit card,90.74,7,666.9390,31.7590,6.2
493-65-6248,2019-01-01,January,Evening,C,Naypyitaw,Member,Female,Sports and travel,Credit card,36.98,10,388.2900,18.4900,7.0
878-30-2331,2019-03-02,March,Morning,C,Naypyitaw,Member,Female,Sports and travel,Credit card,54.55,10,572.7750,27.2750,7.1
449-27-2918,2019-03-26,March,Morning,B,Mandalay,Member,Female,Sports and travel,Credit card,39.12,1,41.0760,1.9560,9.6
394-30-3170,2019-03-22,March,Evening,B,Mandalay,Member,Female,Sports and travel,Credit card,88.43,8,742.8120,35.3720,4.3
308-47-4913,2019-03-09,March,Afternoon,A,Yangon,Member,Female,Sports and travel,Credit card,52.26,10,548.7300,26.1300,6.2
253-12-6086,2019-03-12,March,Afternoon,A,Yangon,Member,Female,Sports and travel,Credit card,98.40,7,723.2400,34.4400,8.7
746-68-6593,2019-01-11,January,Afternoon,C,Naypyitaw,Member,Female,Sports and travel,Credit card,87.16,2,183.0360,8.7160,9.7
606-80-4905,2019-01-29,January,Morning,C,Naypyitaw,Member,Female,Sports and travel,Credit card,19.15,6,120.6450,5.7450,6.8
731-81-9469,2019-01-23,January,Afternoon,C,Naypyitaw,Member,Female,Sports and travel,Credit card,89.80,10,942.9000,44.9000,5.4
285-68-5083,2019-02-15,February,Evening,C,Naypyitaw,Member,Female,Sports and travel,Credit card,24.74,3,77.9310,3.7110,10.0
887-42-0517,2019-01-10,January,Morning,C,Naypyitaw,Normal,Female,Sports and travel,Credit card,83.14,7,611.0790,29.0990,6.6
862-29-5914,2019-01-30,January,Evening,C,Naypyitaw,Normal,Female,Sports and travel,Credit card,22.38,1,23.4990,1.1190,8.6
618-34-8551,2019-01-16,January,Evening,A,Yangon,Normal,Female,Sports and travel,Credit card,93.18,2,195.6780,9.3180,8.5
320-85-2052,2019-01-14,January,Morning,B,Mandalay,Normal,Female,Sports and travel,Credit card,34.81,1,36.5505,1.7405,7.0
679-22-6530,2019-01-17,January,Morning,B,Mandalay,Normal,Female,Sports and travel,Credit card,40.62,2,85.3020,4.0620,4.1
718-57-9773,2019-02-03,February,Afternoon,C,Naypyitaw,Normal,Female,Sports and travel,Credit card,49.33,10,517.9650,24.6650,9.4
485-30-8700,2019-03-18,March,Afternoon,A,Yangon,Normal,Female,Sports and travel,Credit card,33.26,5,174.6150,8.3150,4.2
883-17-4236,2019-03-02,March,Evening,C,Naypyitaw,Normal,Female,Sports and travel,Credit card,14.39,2,30.2190,1.4390,7.2
586-25-0848,2019-03-04,March,Morning,A,Yangon,Normal,Female,Sports and travel,Credit card,12.34,7,90.6990,4.3190,6.7
195-06-0432,2019-01-13,January,Afternoon,A,Yangon,Member,Male,Home and lifestyle,Credit card,81.01,3,255.1815,12.1515,9.3
737-88-5876,2019-03-19,March,Morning,A,Yangon,Member,Male,Home and lifestyle,Credit card,23.29,4,97.8180,4.6580,5.9
442-44-6497,2019-01-08,January,Morning,C,Naypyitaw,Member,Male,Home and lifestyle,Credit card,55.57,3,175.0455,8.3355,5.9
521-18-7827,2019-01-22,January,Evening,C,Naypyitaw,Member,Male,Home and lifestyle,Credit card,39.39,5,206.7975,9.8475,8.7
144-51-6085,2019-01-05,January,Afternoon,A,Yangon,Member,Male,Home and lifestyle,Credit card,70.74,4,297.1080,14.1480,4.4
394-43-4238,2019-02-15,February,Afternoon,B,Mandalay,Member,Male,Home and lifestyle,Credit card,17.77,5,93.2925,4.4425,5.4
262-47-2794,2019-03-06,March,Afternoon,B,Mandalay,Member,Male,Home and lifestyle,Credit card,71.86,8,603.6240,28.7440,6.2
336-78-2147,2019-03-13,March,Evening,C,Naypyitaw,Member,Male,Home and lifestyle,Credit card,63.91,8,536.8440,25.5640,4.6
776-68-1096,2019-03-18,March,Afternoon,B,Mandalay,Normal,Male,Home and lifestyle,Credit card,44.12,3,138.9780,6.6180,7.9
356-44-8813,2019-01-20,January,Afternoon,B,Mandalay,Normal,Male,Home and lifestyle,Credit card,37.48,3,118.0620,5.6220,7.7
345-08-4992,2019-03-08,March,Afternoon,A,Yangon,Normal,Male,Home and lifestyle,Credit card,33.99,6,214.1370,10.1970,7.7
651-61-0874,2019-03-12,March,Evening,C,Naypyitaw,Normal,Male,Home and lifestyle,Credit card,46.22,4,194.1240,9.2440,6.2
746-54-5508,2019-01-17,January,Afternoon,A,Yangon,Normal,Male,Home and lifestyle,Credit card,21.52,6,135.5760,6.4560,9.4
523-38-0215,2019-03-06,March,Afternoon,C,Naypyitaw,Normal,Male,Home and lifestyle,Credit card,37.00,1,38.8500,1.8500,7.9
808-65-0703,2019-03-14,March,Evening,C,Naypyitaw,Normal,Male,Home and lifestyle,Credit card,35.47,4,148.9740,7.0940,6.9
376-02-8238,2019-02-02,February,Evening,B,Mandalay,Normal,Male,Home and lifestyle,Credit card,93.87,8,788.5080,37.5480,8.3
802-43-8934,2019-03-22,March,Afternoon,A,Yangon,Normal,Male,Home and lifestyle,Credit card,18.28,1,19.1940,0.9140,8.3
273-16-6619,2019-03-15,March,Afternoon,B,Mandalay,Normal,Male,Home and lifestyle,Credit card,33.20,2,69.7200,3.3200,4.4
631-41-3108,2019-03-03,March,Afternoon,A,Yangon,Normal,Male,Home and lifestyle,Credit card,46.33,7,340.5255,16.2155,7.4
838-02-1821,2019-02-22,February,Afternoon,C,Naypyitaw,Member,Female,Home and lifestyle,Credit card,12.73,2,26.7330,1.2730,5.2
246-55-6923,2019-03-10,March,Afternoon,C,Naypyitaw,Member,Female,Home and lifestyle,Credit card,35.79,9,338.2155,16.1055,5.1
186-43-8965,2019-02-24,February,Morning,A,Yangon,Member,Female,Home and lifestyle,Credit card,47.68,2,100.1280,4.7680,4.1
487-79-6868,2019-03-26,March,Evening,B,Mandalay,Member,Female,Home and lifestyle,Credit card,12.29,9,116.1405,5.5305,8.0
664-14-2882,2019-01-30,January,Afternoon,C,Naypyitaw,Member,Female,Home and lifestyle,Credit card,10.53,5,55.2825,2.6325,5.8
386-27-7606,2019-03-23,March,Afternoon,C,Naypyitaw,Member,Female,Home and lifestyle,Credit card,81.20,7,596.8200,28.4200,8.1
241-96-5076,2019-01-08,January,Afternoon,B,Mandalay,Member,Female,Home and lifestyle,Credit card,49.10,2,103.1100,4.9100,6.4
670-79-6321,2019-01-17,January,Afternoon,B,Mandalay,Member,Female,Home and lifestyle,Credit card,94.59,7,695.2365,33.1065,4.9
834-83-1826,2019-02-25,February,Evening,B,Mandalay,Member,Female,Home and lifestyle,Credit card,82.04,5,430.7100,20.5100,7.6
609-81-8548,2019-02-06,February,Afternoon,A,Yangon,Member,Female,Home and lifestyle,Credit card,37.44,6,235.8720,11.2320,5.9
602-80-9671,2019-02-09,February,Evening,C,Naypyitaw,Member,Female,Home and lifestyle,Credit card,15.95,6,100.4850,4.7850,5.1
148-82-2527,2019-03-05,March,Afternoon,C,Naypyitaw,Member,Female,Home and lifestyle,Credit card,12.12,10,127.2600,6.0600,8.4
138-17-5109,2019-01-15,January,Afternoon,A,Yangon,Member,Female,Home and lifestyle,Credit card,89.21,9,843.0345,40.1445,6.5
843-01-4703,2019-01-05,January,Evening,B,Mandalay,Member,Female,Home and lifestyle,Credit card,35.38,9,334.3410,15.9210,9.6
126-54-1082,2019-01-07,January,Morning,A,Yangon,Member,Female,Home and lifestyle,Credit card,21.54,9,203.5530,9.6930,8.8
237-01-6122,2019-02-01,February,Evening,C,Naypyitaw,Member,Female,Home and lifestyle,Credit card,80.79,9,763.4655,36.3555,9.5
227-03-5010,2019-03-22,March,Evening,A,Yangon,Member,Female,Home and lifestyle,Credit card,52.59,8,441.7560,21.0360,8.5
624-01-8356,2019-01-27,January,Morning,B,Mandalay,Normal,Female,Home and lifestyle,Credit card,49.01,10,514.6050,24.5050,4.2
152-03-4217,2019-03-17,March,Morning,B,Mandalay,Normal,Female,Home and lifestyle,Credit card,11.28,9,106.5960,5.0760,4.3
744-16-7898,2019-01-15,January,Afternoon,B,Mandalay,Normal,Female,Home and lifestyle,Credit card,97.37,10,1022.3850,48.6850,4.9
750-57-9686,2019-01-08,January,Afternoon,C,Naypyitaw,Normal,Female,Home and lifestyle,Credit card,45.38,4,190.5960,9.0760,8.7
422-29-8786,2019-01-03,January,Afternoon,A,Yangon,Normal,Female,Home and lifestyle,Credit card,67.09,5,352.2225,16.7725,9.1
136-08-6195,2019-02-15,February,Evening,A,Yangon,Normal,Female,Home and lifestyle,Credit card,69.96,8,587.6640,27.9840,6.4
284-34-9626,2019-02-11,February,Morning,B,Mandalay,Normal,Female,Home and lifestyle,Credit card,77.04,3,242.6760,11.5560,7.2
593-65-1552,2019-01-28,January,Evening,C,Naypyitaw,Normal,Female,Home and lifestyle,Credit card,69.81,4,293.2020,13.9620,5.9
668-90-8900,2019-03-10,March,Evening,A,Yangon,Normal,Female,Home and lifestyle,Credit card,93.69,7,688.6215,32.7915,4.5
859-97-6048,2019-03-26,March,Afternoon,C,Naypyitaw,Member,Male,Electronic accessories,Credit card,84.25,2,176.9250,8.4250,5.3
811-35-1094,2019-02-06,February,Afternoon,B,Mandalay,Member,Male,Electronic accessories,Credit card,50.45,6,317.8350,15.1350,8.9
804-38-3935,2019-01-30,January,Morning,A,Yangon,Member,Male,Electronic accessories,Credit card,93.78,3,295.4070,14.0670,5.9
263-12-5321,2019-02-27,February,Afternoon,A,Yangon,Member,Male,Electronic accessories,Credit card,92.60,7,680.6100,32.4100,9.3
482-17-1179,2019-01-19,January,Afternoon,A,Yangon,Member,Male,Electronic accessories,Credit card,11.94,3,37.6110,1.7910,8.1
868-06-0466,2019-02-19,February,Evening,A,Yangon,Member,Male,Electronic accessories,Credit card,69.58,9,657.5310,31.3110,7.8
243-47-2663,2019-01-28,January,Afternoon,C,Naypyitaw,Member,Male,Electronic accessories,Credit card,18.77,6,118.2510,5.6310,5.5
254-31-0042,2019-03-06,March,Afternoon,A,Yangon,Member,Male,Electronic accessories,Credit card,21.50,9,203.1750,9.6750,7.8
378-07-7001,2019-02-10,February,Evening,B,Mandalay,Member,Male,Electronic accessories,Credit card,48.09,3,151.4835,7.2135,7.8
139-20-0155,2019-01-24,January,Evening,B,Mandalay,Member,Male,Electronic accessories,Credit card,40.30,10,423.1500,20.1500,7.0
380-94-4661,2019-02-07,February,Afternoon,C,Naypyitaw,Member,Male,Electronic accessories,Credit card,65.94,4,276.9480,13.1880,6.9
366-93-0948,2019-01-31,January,Morning,A,Yangon,Member,Male,Electronic accessories,Credit card,66.35,1,69.6675,3.3175,9.7
799-71-1548,2019-01-07,January,Afternoon,A,Yangon,Member,Male,Electronic accessories,Credit card,77.72,4,326.4240,15.5440,8.8
608-27-6295,2019-01-19,January,Evening,B,Mandalay,Member,Male,Electronic accessories,Credit card,52.89,6,333.2070,15.8670,9.8
590-83-4591,2019-02-17,February,Afternoon,B,Mandalay,Member,Male,Electronic accessories,Credit card,87.45,6,550.9350,26.2350,8.8
669-54-1719,2019-02-10,February,Afternoon,B,Mandalay,Member,Male,Electronic accessories,Credit card,18.93,6,119.2590,5.6790,8.1
404-91-5964,2019-02-04,February,Afternoon,A,Yangon,Normal,Male,Electronic accessories,Credit card,74.58,7,548.1630,26.1030,9.0
525-09-8450,2019-01-31,January,Afternoon,B,Mandalay,Normal,Male,Electronic accessories,Credit card,72.13,10,757.3650,36.0650,4.2
399-69-4630,2019-03-07,March,Morning,C,Naypyitaw,Normal,Male,Electronic accessories,Credit card,22.21,6,139.9230,6.6630,8.6
831-07-6050,2019-03-19,March,Morning,A,Yangon,Normal,Male,Electronic accessories,Credit card,32.71,5,171.7275,8.1775,9.9
214-30-2776,2019-03-11,March,Evening,B,Mandalay,Member,Female,Electronic accessories,Credit card,34.49,5,181.0725,8.6225,9.0
377-79-7592,2019-01-14,January,Afternoon,C,Naypyitaw,Member,Female,Electronic accessories,Credit card,44.84,9,423.7380,20.1780,7.5
416-17-9926,2019-01-01,January,Afternoon,A,Yangon,Member,Female,Electronic accessories,Credit card,74.22,10,779.3100,37.1100,4.3
527-09-6272,2019-03-21,March,Morning,A,Yangon,Member,Female,Electronic accessories,Credit card,28.45,5,149.3625,7.1125,9.1
545-46-3100,2019-03-12,March,Afternoon,B,Mandalay,Member,Female,Electronic accessories,Credit card,10.59,3,33.3585,1.5885,8.7
672-51-8681,2019-01-04,January,Evening,C,Naypyitaw,Member,Female,Electronic accessories,Credit card,66.65,9,629.8425,29.9925,9.7
156-20-0370,2019-03-10,March,Evening,B,Mandalay,Normal,Female,Electronic accessories,Credit card,25.45,1,26.7225,1.2725,5.1
172-42-8274,2019-03-02,March,Evening,B,Mandalay,Normal,Female,Electronic accessories,Credit card,38.27,2,80.3670,3.8270,5.8
489-82-1237,2019-01-05,January,Morning,A,Yangon,Normal,Female,Electronic accessories,Credit card,93.88,7,690.0180,32.8580,7.3
431-66-2305,2019-02-15,February,Evening,B,Mandalay,Normal,Female,Electronic accessories,Credit card,88.25,9,833.9625,39.7125,7.6
448-61-3783,2019-03-21,March,Afternoon,A,Yangon,Normal,Female,Electronic accessories,Credit card,90.02,8,756.1680,36.0080,4.5
380-60-5336,2019-02-24,February,Evening,A,Yangon,Normal,Female,Electronic accessories,Credit card,40.26,10,422.7300,20.1300,5.0
702-72-0487,2019-02-26,February,Afternoon,A,Yangon,Normal,Female,Electronic accessories,Credit card,46.61,2,97.8810,4.6610,6.6
811-03-8790,2019-03-01,March,Morning,A,Yangon,Normal,Female,Electronic accessories,Credit card,45.48,10,477.5400,22.7400,4.8
250-81-7186,2019-02-27,February,Morning,C,Naypyitaw,Normal,Female,Electronic accessories,Credit card,99.69,1,104.6745,4.9845,8.0
169-52-4504,2019-03-14,March,Afternoon,A,Yangon,Normal,Female,Electronic accessories,Credit card,15.69,3,49.4235,2.3535,5.8
421-95-9805,2019-02-07,February,Morning,A,Yangon,Normal,Female,Electronic accessories,Credit card,28.96,1,30.4080,1.4480,6.2
734-91-1155,2019-03-26,March,Morning,B,Mandalay,Normal,Female,Electronic accessories,Credit card,45.71,3,143.9865,6.8565,7.7
810-60-6344,2019-02-07,February,Afternoon,C,Naypyitaw,Normal,Female,Electronic accessories,Credit card,40.86,8,343.2240,16.3440,6.5
182-69-8360,2019-01-30,January,Afternoon,B,Mandalay,Normal,Female,Electronic accessories,Credit card,23.65,4,99.3300,4.7300,4.0
633-09-3463,2019-03-28,March,Afternoon,C,Naypyitaw,Normal,Female,Electronic accessories,Credit card,47.65,3,150.0975,7.1475,9.5
439-54-7422,2019-03-18,March,Evening,A,Yangon,Normal,Female,Electronic accessories,Credit card,51.19,4,214.9980,10.2380,4.7
817-69-8206,2019-03-02,March,Evening,B,Mandalay,Normal,Female,Electronic accessories,Credit card,99.73,9,942.4485,44.8785,6.5
700-81-1757,2019-01-18,January,Evening,A,Yangon,Normal,Female,Electronic accessories,Credit card,26.31,5,138.1275,6.5775,8.8
638-60-7125,2019-02-14,February,Evening,A,Yangon,Normal,Female,Electronic accessories,Credit card,99.56,8,836.3040,39.8240,5.2
732-94-0499,2019-01-13,January,Evening,C,Naypyitaw,Normal,Female,Electronic accessories,Credit card,41.65,10,437.3250,20.8250,5.4
430-53-4718,2019-01-28,January,Afternoon,B,Mandalay,Member,Male,Health and beauty,Credit card,75.37,8,633.1080,30.1480,8.4
552-44-5977,2019-01-03,January,Evening,B,Mandalay,Member,Male,Health and beauty,Credit card,62.00,8,520.8000,24.8000,6.2
869-11-3082,2019-01-27,January,Evening,B,Mandalay,Member,Male,Health and beauty,Credit card,96.16,4,403.8720,19.2320,8.4
400-80-4065,2019-02-15,February,Evening,C,Naypyitaw,Member,Male,Health and beauty,Credit card,68.55,4,287.9100,13.7100,9.2
704-10-4056,2019-01-14,January,Morning,C,Naypyitaw,Member,Male,Health and beauty,Credit card,60.47,3,190.4805,9.0705,5.6
102-77-2261,2019-03-05,March,Evening,C,Naypyitaw,Member,Male,Health and beauty,Credit card,65.31,7,480.0285,22.8585,4.2
787-87-2010,2019-01-20,January,Afternoon,A,Yangon,Member,Male,Health and beauty,Credit card,55.50,4,233.1000,11.1000,6.6
607-65-2441,2019-03-10,March,Afternoon,C,Naypyitaw,Member,Male,Health and beauty,Credit card,81.95,10,860.4750,40.9750,6.0
188-55-0967,2019-01-15,January,Afternoon,B,Mandalay,Member,Male,Health and beauty,Credit card,66.47,10,697.9350,33.2350,5.0
302-15-2162,2019-03-03,March,Morning,C,Naypyitaw,Member,Male,Health and beauty,Credit card,46.53,6,293.1390,13.9590,4.3
343-87-0864,2019-01-03,January,Morning,C,Naypyitaw,Member,Male,Health and beauty,Credit card,75.88,1,79.6740,3.7940,7.1
730-61-8757,2019-01-25,January,Morning,B,Mandalay,Member,Male,Health and beauty,Credit card,51.13,4,214.7460,10.2260,4.0
573-10-3877,2019-03-12,March,Afternoon,B,Mandalay,Member,Male,Health and beauty,Credit card,39.01,1,40.9605,1.9505,4.7
152-08-9985,2019-03-12,March,Afternoon,B,Mandalay,Member,Male,Health and beauty,Credit card,64.36,9,608.2020,28.9620,8.6
370-41-7321,2019-02-27,February,Evening,B,Mandalay,Member,Male,Health and beauty,Credit card,56.69,9,535.7205,25.5105,8.4
449-16-6770,2019-02-19,February,Afternoon,A,Yangon,Normal,Male,Health and beauty,Credit card,50.79,5,266.6475,12.6975,5.3
450-42-3339,2019-02-09,February,Evening,C,Naypyitaw,Normal,Male,Health and beauty,Credit card,84.61,10,888.4050,42.3050,8.8
699-88-1972,2019-01-28,January,Evening,B,Mandalay,Normal,Male,Health and beauty,Credit card,99.16,8,832.9440,39.6640,4.2
359-94-5395,2019-03-15,March,Morning,B,Mandalay,Normal,Male,Health and beauty,Credit card,92.78,1,97.4190,4.6390,9.8
556-41-6224,2019-02-15,February,Evening,C,Naypyitaw,Normal,Male,Health and beauty,Credit card,33.64,8,282.5760,13.4560,9.3
610-46-4100,2019-03-03,March,Evening,A,Yangon,Normal,Male,Health and beauty,Credit card,28.95,7,212.7825,10.1325,6.0
470-31-3286,2019-03-01,March,Morning,B,Mandalay,Normal,Male,Health and beauty,Credit card,14.82,3,46.6830,2.2230,8.7
127-47-6963,2019-03-09,March,Afternoon,A,Yangon,Normal,Male,Health and beauty,Credit card,51.71,4,217.1820,10.3420,9.8
502-05-1910,2019-02-25,February,Evening,A,Yangon,Normal,Male,Health and beauty,Credit card,65.18,3,205.3170,9.7770,6.3
448-81-5016,2019-03-11,March,Afternoon,A,Yangon,Normal,Male,Health and beauty,Credit card,59.77,2,125.5170,5.9770,5.8
211-30-9270,2019-01-28,January,Afternoon,C,Naypyitaw,Normal,Male,Health and beauty,Credit card,17.41,5,91.4025,4.3525,4.9
699-01-4164,2019-03-12,March,Evening,C,Naypyitaw,Normal,Male,Health and beauty,Credit card,41.50,4,174.3000,8.3000,8.2
238-49-0436,2019-03-27,March,Afternoon,A,Yangon,Normal,Male,Health and beauty,Credit card,32.46,8,272.6640,12.9840,4.9
568-90-5112,2019-03-19,March,Afternoon,C,Naypyitaw,Normal,Male,Health and beauty,Credit card,66.14,4,277.7880,13.2280,5.6
512-91-0811,2019-02-06,February,Evening,C,Naypyitaw,Normal,Male,Health and beauty,Credit card,89.75,1,94.2375,4.4875,6.6
595-11-5460,2019-03-15,March,Morning,A,Yangon,Normal,Male,Health and beauty,Credit card,96.58,2,202.8180,9.6580,5.1
397-25-8725,2019-01-13,January,Evening,A,Yangon,Member,Female,Health and beauty,Credit card,39.62,9,374.4090,17.8290,6.8
595-94-9924,2019-03-26,March,Evening,A,Yangon,Member,Female,Health and beauty,Credit card,27.73,5,145.5825,6.9325,4.2
222-42-0244,2019-01-28,January,Afternoon,B,Mandalay,Member,Female,Health and beauty,Credit card,72.11,9,681.4395,32.4495,7.7
759-98-4285,2019-02-27,February,Evening,C,Naypyitaw,Member,Female,Health and beauty,Credit card,85.87,7,631.1445,30.0545,8.0
440-59-5691,2019-02-08,February,Afternoon,C,Naypyitaw,Member,Female,Health and beauty,Credit card,37.15,7,273.0525,13.0025,7.7
296-11-7041,2019-01-12,January,Evening,B,Mandalay,Member,Female,Health and beauty,Credit card,27.07,1,28.4235,1.3535,5.3
390-80-5128,2019-01-28,January,Evening,B,Mandalay,Member,Female,Health and beauty,Credit card,19.15,1,20.1075,0.9575,9.5
793-10-3222,2019-03-05,March,Afternoon,B,Mandalay,Member,Female,Health and beauty,Credit card,41.06,6,258.6780,12.3180,8.3
704-20-4138,2019-03-11,March,Evening,C,Naypyitaw,Member,Female,Health and beauty,Credit card,29.67,7,218.0745,10.3845,8.1
210-67-5886,2019-02-05,February,Morning,C,Naypyitaw,Member,Female,Health and beauty,Credit card,98.21,3,309.3615,14.7315,7.8
656-95-9349,2019-03-11,March,Morning,A,Yangon,Member,Female,Health and beauty,Credit card,68.93,7,506.6355,24.1255,4.6
665-32-9167,2019-01-10,January,Evening,A,Yangon,Member,Female,Health and beauty,Credit card,36.26,2,76.1460,3.6260,7.2
851-98-3555,2019-03-24,March,Afternoon,B,Mandalay,Normal,Female,Health and beauty,Credit card,82.88,5,435.1200,20.7200,6.6
790-38-4466,2019-01-23,January,Morning,C,Naypyitaw,Normal,Female,Health and beauty,Credit card,10.99,5,57.6975,2.7475,9.3
258-92-7466,2019-02-06,February,Evening,A,Yangon,Normal,Female,Health and beauty,Credit card,35.68,5,187.3200,8.9200,6.6
725-56-0833,2019-02-20,February,Afternoon,A,Yangon,Normal,Female,Health and beauty,Credit card,32.32,10,339.3600,16.1600,10.0
400-45-1220,2019-02-27,February,Morning,B,Mandalay,Normal,Female,Health and beauty,Credit card,13.50,10,141.7500,6.7500,4.8
458-41-1477,2019-03-08,March,Evening,C,Naypyitaw,Normal,Female,Health and beauty,Credit card,46.26,6,291.4380,13.8780,9.5
870-72-4431,2019-01-21,January,Afternoon,C,Naypyitaw,Normal,Female,Health and beauty,Credit card,99.19,6,624.8970,29.7570,5.5
